game	year	problem_type	problem_from_postmortem	antipattern	sw_antipattern	author
Descent 3	1999	communication	Another major problem on Descent 3 was the tools the level designers used to make their levels. Some people used 3D Studio Max, some used Lightwave, and one designer even wrote his own custom modeler from scratch. Due to our somewhat anarchistic development environment, this was seen as O.K., and not too many people complained. However, the different tools led to inconsistent quality across our game levels.	(3D modeling tools were not standardized)	none	none
Heavy Metal: F.A.K.K. 2	2000	team	At the beginning of this article, I mentioned that the team started off with 18 members, and we finished the game with 11. Of those 11 people, only one person was on the original F.A.K.K. 2 team from the beginning. It was a weird project, because most of the team didnt have a handle on the design of the game. The key designers of gameplay had moved on, and werent available to talk about the ideas that they had come up with. We ended up scrapping a lot of the original design document and starting over. This set us back pretty far in the gameplay area. Another area that suffered was models and animations. We lost several artists who worked on different animation packages, and when they left we had to redo the models they were responsible for.	(3D modeling tools were not standardized)	none	none
Swords & Soldiers	2010	team	The levels took a lot of time to build with the limited tools we had. With only one programmer, you cant ask for a good level design tool. For design, then, we had to use the stock Windows text editor, Notepad. We used it for almost everything -- editing the levels, writing a script for the game. Adding all of this text to a huge text file and testing all the different versions in all languages took quite some time -- especially since every change required the level to be restarted. But we had three designers and five artists vs. one programmer, so we put up with Notepad. There was one exception: AI. Our AI routines were built in a simple logic tree editor, which was built by a programming intern. And though the editor was a bit buggy, it was still a major improvement over editing those XML files in Notepad. In hindsight, we probably should have put some time in coding creating a visual level editor. In about two weeks, we couldve created an editor which, while it wouldnt have been too user friendly, would still have been a massive improvement over Notepad. This, in turn, wouldve allowed us to tweak the whole game that much better, and also would have saved the rest of the team a lot of time.	(absent/inadequate tools: AI and level design were slowed down)	none	none
Star Wars Rogue Leader Rogue Squadron II	2002	planning	As we did in our earlier titles, we wanted to avoid using FMV for cutscenes, to avoid breaking the continuity and style of the game. The playback of these animations was handled quite elegantly by our standard run-time animation system, which we used for all types of animation throughout the game. The internal structure of this system closely resembles Mayas animation system, which made it very flexible and straightforward to control from within that tool. It also was really easy to use at run time. This is where the fun ended, however, and things started to get ugly. On the programming side, we had to spend a lot of time organizing the data flow. We wanted to make the amount of data to be loaded or kept in memory for cutscenes minimal, which meant recycling data that was present in the level data currently loaded. This sounds easier - and we fell for it, too - as it is actually was. However, our main problem was that we werent able to begin implementation of the cutscene playback until pretty late into the project, and the programmers responsible for the task were confronted with a data structure that was pretty much set in stone. This is the one area in which our planning at the beginning of the project did not quite work out.	(absent/inadequate tools: animation middleware was hard to use and had technical limitations)	none	none
Monsters (Probably) Stole My Princess	2011	delays	Its unavoidable really, but we ran into delays for launching on both PSN and Indie Games due to issues at the platform holder end. In PSNs case, Sony updated the PSP emulator, which actually contained a bug that led to us failing submission. We had to re-submit and this incurred a significant delay. With the 360s Indie Games, we had to approve via the XNA community, which was reliant on enough members going through the process. This took a lot longer than standard, internal approvals.	(absent/inadequate tools: buggy middleware)	none	none
Project Gotham Racing 3	2005	communication	Pickford and Wilson stressed the importance of keeping open the lines of communication, both with other developers and the console manufacturer. For the latter, its essential you make SDK bug reports as quickly as possible, due to the irregularity of SDK updates. Dont expect the bug to be reported and fixed by someone else, or you could find the SDK two-months down the road still possesses it. For the former, when you hit a wall, a trip to one of the developer forums can reveal that someone else has already ran face first into that bricky surface and already found a way to chip through. In particular, the developers stressed that having the game running ahead of time, even on the Alpha kits or PCs, and having a modular development system to allow turning off whole sections when SDK fixes cause it to stop working.	(absent/inadequate tools: buggy SDK)	none	none
Vanishing Point	2015	communication	If any of these parameters are not met, that asset must be sent back to whoever built it. With different individuals working at each step of this process, it could take a while for art assets to be ready for integration in the game.	(absent/inadequate tools: creating a usable asset depended on the definition of several parameters in modeling tools)	none	none
Crazy Taxi Fare Wars	2007	delays	But as they say, hindsight is 20/20. The net result was a hit to our schedule and a small adjustment to our budget. In the future we will handle this differently, by purchasing longer licenses for software development packages as well as increasing the amount of time to properly evaluate any codebase we use.	(absent/inadequate tools: devs did not properly purchase licenses for the tools they needed) 	none	none
Vanishing Point	2015	delays	This slowed development greatly, and entire weeks were spent bumbling around the engine trying to figure out how to make the game with these tools. That delayed that early, exploratory development phase where you are figuring out how to bring out the fun in what you have, prototyping new mechanics and discovering what works lasted all the way to the end of the first semester.	(absent/inadequate tools: devs had to learn how to reach the result they wanted with the engine at hand)	none	none
Jak and Daxter	2001	team	While its true that GOAL gave us many advantages, GOAL caused us a lot of grief. A single programmer (who could easily be one of the top ten Lisp programmers in the world) wrote GOAL. While he called his Lisp techniques and programming practices revolutionary, others referred to them as code encryption, since only he could understand them. Because of this, all of the support, bug fixes, feature enhancements, and optimizations had to come from one person, creating quite a bottleneck. Also, it took over a year to develop the compiler, during which time the other programmers had to make do with missing features, odd quirks, and numerous bugs. Eventually GOAL became much more robust, but even now C++ has some advantages over GOAL, such as destructors, better constructors, and the ease of declaring inline methods. A major difficulty was that we worked in such isolation from the rest of the world. We gave up third-party development tools such as profilers and debuggers, and we gave up existing libraries, including code previously developed internally. Compared to the thousands of programmers with many years of C++ experience, there are relatively few programmers with Lisp experience, and no programmers (outside of Naughty Dog) with GOAL experience, making hiring more difficult.	(absent/inadequate tools: game devs used a very specific language that was hard to maintain and had few adepts)	none	none
Brütal Legend	2010	team	First, in an attempt to address the lack of dedicated tools programmers we experienced on Psychonauts, we created a tools group within Brütal Legends engineering team, and staffed it with four engineers. While this was an improvement over Psychonauts, the problem with this approach was that it facilitated the separation of tools work from the rest of the engineering effort, isolating the accessibility of the tools to the user from the process of delivering features for the game. Often, this separation created inefficiencies in implementation, or a mismatch between the tools design and the runtime feature it supported -- in several cases, this disconnect even led to sprints where a runtime team would complete an artist-facing feature without any tools support for it at all, making that feature (often a milestone deliverable to demonstrate) unusable. A second critical mistake involved effective tools prioritization. Without strong guidance from content creation, the tools team focused initially on back end services such as tools deployment and build infrastructure, with the intent that these services would serve as a productivity multiplier on future tools development. Unfortunately, without any tools to distribute or code to build, these initial investments significantly delayed the development of content/game-facing tools. (...) In hindsight, we should have created a programming team structure that enabled the creation of good tools alongside the development of runtime features, perhaps even allocating a larger percentage of the engineering team to tools early in development. (...) 	(absent/inadequate tools: planning and creation of tools took a long time)	none	none
Wild 9	1998	feature-creep	I’ve already sung the praises of our scripting language, but not everything was totally perfect in this picture. Although it ended up being very useful, it became clear early on that the language and its op-codes had massive loopholes and gotchas waiting to jump on us. To help other programmers with their first steps, Gregg started maintaining a document as he was learning the AI system. This document described all the major problems that he’d encountered and ways around them that he’d discovered.	(absent/inadequate tools: scripting language had advantages but also had a long learning curve)	none	none
The Italian Job	2002	scope	The inclusion FMV was discussed at the design stage of TIJ, we planned to use our in-house scripting language known as the Mission Builder which allows us to prototype and create game content quickly without the need of programmers, so designers could create short scenes using the in-game engine and blend it to the corresponding missions for a seamless gaming experience. However, the Mission Builder was never designed to produce complex cinematic scenes and new functionality had to be added to achieve this. The process of creating in game cut scenes could be quite crude since there was a limited amount of feed-back to the designer and to create a short sequence of five seconds could take up to two days which then would have to be constantly tweaked. This involved creating paths for cameras and objects within 3DS Max, then exporting these positions to the Mission Builder where speeds and simple camera behaviors could be scripted to make the scene work. Unfortunately, the designer could not see the total outcome of their work until the stage/mission was compiled and ran.	(absent/inadequate tools: tool development and usability slowed down other aspects of development)	none	none
Brütal Legend	2010	planning	From the start of development, we recognized that good tools needed to be a priority to ensure faster iteration times for our team. A mix of legacy team structure, intrinsic complexity, insufficient input from content creation leadership, poor planning, and bad luck all contributed to a significant delay in the delivery of several critical tools to the team -- delays which jeopardized milestone deliveries, reduced artist productivity, and required unplanned emergency intervention at the expense of other engineering efforts.	(absent/inadequate tools: without quick internal tool deployment, productivity went down)	none	none
Ratchet & Clank	2016	communication	You’re probably aghast, but that’s not the worst of it. We also used Hot Wheels as an asset control system. Seriously—if you wanted to check out a level, you’d grab the corresponding Hot Wheel to signal that it was yours for editing. Level 6 was the 1968 Beatnik Bandit. I always liked that one. Wait, maybe that system was pretty cool)	(asset management issues: unconventional asset management process)	none	none
Dead State	2014	communication	Communication breakdown can happen even when everyone is under the same roof, but when you’ve got a team spread out over multiple time zones, the odds are pretty good that communication will break down. And it did. There was an inherent difficulty in tracking progress: Sometimes emails wouldn’t be answered for 24 hours, builds would hit a major snag and need to be reuploaded, or critical bugs wouldn’t be fixed for a day. Without the team in the same room, meetings went overlong, issues took more time to explain, and momentum/excitement about progress was less tangible. New builds would not always go out on a timetable that was helpful for the Seattle team, where the majority of DoubleBear team members were located. A large amount of gatekeeping of certain systems and code exacerbated delays greatly, and frequently, team members would have to log on at early/late hours to discuss work or fix a bug. We improved communication over time, but many of our delays can be attributed to communication issues and not having a centralized team. If you’re going to use remote team members, make communication a top priority and prepare for the issues that it can cause. (...) Dead State could have benefitted from more team interaction and lead meetings. For our next project, we have already adopted the process of meeting as a group and going over the design and builds together, with lots of opportunity for team feedback to be considered during the early stages. Even if you work remotely, as DoubleBear does, it is intensely helpful -- even vital -- to try and meet on a regular basis, even if you must use stand-ins like Skype if you cannot meet in person.	(bug tracking issues: the dev team found it difficult to track bugs and releases because they were rarely able to join the whole team in meetings at the same time, which caused code conflicts or made task blockers drag over many hours/days before they could be solved)	none	none
Crazy Taxi Fare Wars	2007	communication	Yes, we knew from day one that this would be key to our success. In the end, it is still tough to execute when you are dealing with teams working together but separated by half the globe and a different language. We planned on code integration between multiplayer and single player right after first playable. While that went pretty much as planned, we were not prepared for the problems that came with bug assignment. In case of Crazy Taxi, many bugs were not distinctly multiplayer or single player. That being the case, how did we decide who was responsible for fixing a bug? Would that fix impact the multiplayer/single player game? Many bugfixes worked for fixing immediate issues but would impact work being done by the other team -- when changes made were not clearly documented. Although the bug information was coming in steadily, it became a full time task to manage that data and disseminate it to appropriate team members either in Budapest or Redwood City. It became another layer to bug management that demanded a lot of communication.	(bug tracking issues: the team had difficulties in categorizing bugs and assigning them to the right people, bugfixing caused even more bugs)	none	none
Skittleball	2010	team	There is always going to be times when a team runs into those problems where they just cant seem to find the right solution. Running into the wall is always a problem, but we allowed it to stall the momentum of work on more than one occasion. We would come together as a group and pound on the problem from every possible angle until we cracked the problem. While this did end up solving the problem over time, it also threw us off our rhythm and kept us from working on other areas of the project where we could have actually made some progress. In the future, we should probably have one or two programmers focus on the problem and allow the others to continue to make progress in other areas.	(bug tracking issues: when a big task blocker happened, the whole team stopped to work on removing this blockage, instead of selecting only a focused group of a few people)	none	none
Never Alone	2015	planning	But over the course of development, we realized that to make the game we wanted to make — and to make the game that was faithful to the culture we were representing — we needed to switch to targeting the Xbox One and PlayStation 4. (...) So we made the call to switch with less than a year before launch, but there was still enough time (barely) to make the transition. (...) Unfortunately, we didnt get the dev kits for another three months — a few weeks before it was scheduled to be playable by the public in Microsofts booth at E3.	(changing/adding target platforms: caused re-work)	none	none
Skittleball	2010	crunch-time	At the end of any project in the game industry you expect there to be a bit of a crunch time. We entered crunch time with more problems that you would want and more unfinished game code than you would expect. Part of this is because shooting for the iPad release was a last minute decision.	(changing/adding target platforms)	none	none
Race the Sun	2015	delays	The ports have taken longer than we planned, and each new platform has added varying degrees of overhead.	(changing/adding target platforms)	none	none
Republique	2016	cutting-features	There’s trophies, rumble support, optimizing the game for PS4, making sure your game’s “save area” conforms to televisions properly, to say nothing of the hundreds of TRC compliancy issues that caught us by surprise. We were forced to overcome lot of unique challenges that resulted from Republique having not been originally designed for console.	(changing/adding target platforms)	none	none
Rollers of the Realm	2014	scope	It took almost exactly three years from conception to launch worldwide on all platforms. While a long production cycle proved necessary, it also gave time for issues to bloom. We had planned to launch the PC version of Rollers in late 2013 / early 2014, but we pushed this when we partnered with Atlus USA and added two additional launch platforms (PS4 & Vita). 	(changing/adding target platforms)	none	none
Dark Sun Online	1997	scope	Probably the biggest issues we had during the development of DARK SUN ONLINE were the hacking problems. These problems came as a result of taking a stand-alone game and turning it into a multiplayer game with a peer-to-peer networking system	(cheating/hacking issues: game was being hacked by players because multiplayer MP code was jerry-rigged from singleplayer)	none	none
Unreal Tournament	2000	team	During Unreal, Epic team members flew to Canada to work at Digital Extremes offices. With Unreal Tournament, it became Digital Extremess turn to do the traveling. Unfortunately, flying and driving back and forth every couple of weeks is a very draining experience. Many of the Digital Extremes team members spent several weeks away from their wives and girlfriends. Near the end of the project, they grew increasingly frustrated with the situation. To compound this problem further, Digital Extremes and Epic were attempting an expensive merger. As Unreal Tournament came to a close, it became clear that the merger would not happen. It was prohibitively expensive for a small company to move across the border. Many Digital Extremes team members already had apartments and plans for living in Raleigh, and the news of the terminated merger process was devastating. (...) On the content side, Unreal Tournament was held back by the number of available artists. Epics artist, Shane Caudle, is a supreme Jack-of-all-trades, creating skins, models, and levels of the highest quality. He spent most of his time working on new player models and skins for those models. Digital Extremes brought a few texture artists to the table, but not enough to create the huge libraries of new textures needed for the game. In order to supplement the skin and texture production	(company/team rellocation)	none	none
FishEd	2006	team	With any part-time endeavor, discipline, determination, and stamina are three vital ingredients, and what started off as a fun hobby project quickly turned into something much more serious. Though there was no shortage of ideas and the willingness to implement them, the simple fact remained that there are only 24 hours in a day, and many of those were often spent working on other projects to pay the bills. In 2005 I relocated from the UK to Canada, and as a result the project schedule lost approximately 6 months over the course of development, pushing the release date back even further than originally intended (in retrospect some of the lost time would have been particularly useful for in-depth testing and addressing bugs).	(company/team rellocation)	none	none
Heavy Gear 2	1999	scope	When the smoke cleared and the demo was finally posted, the team gave a sigh of relief and basked in the warmth of a job well done. Unfortunately, this feeling quickly evaporated when we realized that we had taken almost a three-month departure from our original development schedule and totally exhausted ourselves in the process. I still believe a demo is important to the success of a game, but such a task should be closely correlated to the production of the main SKU. Attempting to factor the demo development time and resources into a schedule significantly different from the game itself can profoundly affect both the product’s quality and timeliness.	(demo took too many resources: game demo was not made concurrently with the game itself and took a lot of resources away from it)	none	none
The Blackwell Convergence	2009	delays	Blackwell Convergence came out in July of 2009 -- almost a year and half after it was promised.	(devs worked on multiple projects simultaneously with negative results: not explained by this quote, but explained in the PM)	none	none
Rollers of the Realm	2014	scope	Having the production timeline stretch out meant Rollers rubbed against the work-for-hire projects that we lined up because we need to keep the studio lights on. (...) We needed to split our resources into two project teams. Phantom Compass often works on multiple projects at once, and in many ways this is a strength, but in this case it caused more strain on finishing up Rollers than we would have liked and hurt our ability to polish.	(devs worked on multiple projects simultaneously with negative results)	none	none
Das Geisterschiff	2019	multiple-projects	Most of the time DG was a part-time project, and working on it full-time would give more time to develop better solutions instead of relying on fastest in terms of development time, which worked, but hurt our workflow in one way or another.	(devs worked on multiple projects simultaneously with negative results)	none	none
Sportsfriends	2014	planning	In retrospect, I wasted way too many months, Wilson admits. "Thats part of the reason development got stalled. I was also finishing up my PhD at the time, so I wasnt paying attention to the games development". (...) 	(devs worked on multiple projects simultaneously with negative results)	none	none
Mini Metro	2016	multiple-projects	At the time we started Mini Metro I had a web development job that I enjoyed, and saw my future there, so I wasn’t looking for a career change. (...) . I would come home from a reasonably high-pressure job, embedded in a bank and working on internet banking software, and then try to shift gears for a few hours of development. Almost always I would sideline it and invest time in my other hobbies that let me wind down instead.	(devs worked on multiple projects simultaneously with negative results)	none	none
Mini Metro	2016	planning	We knew that a mobile release was inevitable—in fact, that was what we were originally focusing on, until we changed tack to desktop because of the viability of Early Access. Because of this, during the Early Access period we’d often jump the gun on mobile work instead of focusing on finishing the core game.	(devs worked on multiple projects simultaneously with negative results)	none	none
Splosion Man	2009	multiple-projects	Although Twisted Pixels primary focus is developing original games using our own IP, we also do contract work for other games. During Splosion Mans development, we had more concurrent projects going on than we have had in the past. It was typical for us to have a small team of programmers working on outside contract work while our main team is working on our own game. However, during Splosion Man we were also finishing up The Maw downloadable content, had another small team working on a port of another game, had a couple of people working on some contract work, and were working with another developer who was porting The Maw for release on Windows. This stretched those of us who were involved with managing these projects pretty thin, especially given that we were also active key members of the Splosion Man team. There were just too many things to monitor and do with too few people to make sure that it was all running smoothly.	(devs worked on multiple projects simultaneously with negative results)	none	none
TRON 2.0	2003	multiple-projects	TRON 2.0 got off to a pretty good start. A lot of enthusiasm, ideas, and excitement flowed through the office. However, the majority of the team was still busy wrapping up other projects, and only a core team of about four or five actually began preproduction work on TRON 2.0. This is a pretty common scenario for most developers. The pacing of production usually has a small team jump-starting the next project by writing documentation, doing concept art, prototyping, and so on. Unfortunately, we failed to recognize a few issues that caused ripples later on in the production. These are lessons that we definitely plan to implement into future projects.	(devs worked on multiple projects simultaneously with negative results)	none	none
Tycoon 2: Marine Mania	2007	multiple-projects	I can’t think of any project that I’ve worked on where I haven’t wished for a little more time… and this one wasn’t an exception. Because we had established a clear project vision statement at the beginning of development, we were able to deliver all of the things that we felt were essential to the product. And we’re extremely pleased with our results. But even still, there are always the little things that you wish you could do, or the easter eggs you think of that you could add and we certainly had our share of those. We also faced some serious pressure on resources…the human kind that is. Some members of the team were actually working on three different projects under the Zoo Tycoon 2 franchise simultaneously in areas that were notoriously hard to “schedule.” Not only did it stress some of the people who were in this situation but these multiple simultaneous Zoo projects also put a lot of pressure on QA…more on that a little later.	(devs worked on multiple projects simultaneously with negative results)	none	none
The Blackwell Convergence	2009	multiple-projects	I soon announced that The Blackwell Convergence would be finished by March of 2008. What I did not expect was that I would get a call from a major game publisher who was interested in hiring me to design and produce a fully-funded game. This was an offer I couldnt refuse, so I accepted, and soon, Emerald City Confidential was greenlit and on its way. (...) Unfortunately, this also meant that I had to put Blackwell Convergence on the back burner. I didnt have the energy or the manpower to work on both projects at once, so production on Convergence was almost completely halted. This disappointed many fans, who had been promised a new game by March and werent going to get it. When they asked when the game was coming out, I could only reply that I didnt know.	(devs worked on multiple projects simultaneously with negative results)	none	none
Dust: An Elysian Tail	2012	team	And it wasnt exactly a walk in the park for my collaborators. On top of working on multiple projects themselves, we were all caught off guard by the accelerated schedule. HyperDuck produced music and sound at an insane pace, Toon Platoon was recording and editing hundreds of lines across 40 actors seemingly overnight, and Alex and I rushed on last-minute changes to the script to accommodate the actors and to lock it down for localization.	(devs worked on multiple projects simultaneously with negative results)	none	none
Wild 9	1998	multiple-projects	Our tools programmer and resident Irish person Malachy once decided to bring us a little multiplayer game he was working on in his spare time. The game was called Deal Me In, and he wanted us to help him beta test it. Deal Me In is best described as a very addictive cross between Scrabble and Poker. Actually, addictive doesn’t even begin to describe the darn thing. Everyone at Shiny plays games. So when it comes to testing a very addictive game, we are very thorough. The game became an obsession, to the point where it was affecting our productivity. It turns out, after extensive research, that there is no such thing as a quick game of Deal Me In.	(devs worked on multiple projects simultaneously with negative results)	none	none
NFL RUSH Heroes and Rivals	2015	team	This one was to be smaller and more family focused. So Heroes and Rivals was meant to be targeted at a hardcore football fandom, while GameDay Heroes was meant to be played by families in one room. This split the team.	(devs worked on multiple projects simultaneously with negative results)	none	none
Vanishing Point	2015	team	One of the things that we struggled with was the dearth of 3D artists and animators local to USC. Much of Vanishing Point’s 3D art had to be outsourced to volunteer freelancers or non artists. Thus, asset production was slow and fraught with errors. (...) Furthermore, since most of our team was made out of volunteers who were not taking the AGP class for credit, we had no way to keep volunteer members accountable for completing their tasks on time to a high standard since there was no consequence for receiving a red on a task.	(difficulties finding qualified professionals: 3D artists)	none	none
SWAT3 Close Quarters Battle	1999	team	We had a difficult time finding the right people for both programming and art positions. Several people were transferred to our project after theirs had been cancelled or had shipped way past its deadline. Needless to say, this is a bad way to fill out a team. Some of them adapted well, but others were totally fried from the tremendous amount of overtime they had just put in, and had a difficult time getting motivated for a new project. We had an especially hard time finding good programmers. We interviewed a lot of people, but our only external hire was the AI programmer, who turned out to be exceptional. The programmer responsible for the character animation export tools had just come from two cancelled projects and only lasted a few months. Another programmer was difficult to work with, refused to work overtime, and quit a couple of months before our ship date.	(difficulties finding qualified professionals: devs)	none	none
SpellCraft School of Magic	2012	delays	Actually, in the scheme of things,SpellCraft was on time -- we were only two or three weeks late by our own reckoning, and while weeks = months in iOS development, for a project with so many moving parts we pretty much shot directly through the hoop of fire. The problem was that, owing to the vagaries of App Store approval times and shutdowns, this pushed our release date back from November 17th to December 8th, which both put us square in the Christmas crunch, and also may have cost us an opportunity for an Apple feature at launch (they were engaged with us in the run-up to the 17th, but after that I think they had other priorities). Launching as late as we did meant that our guys were also eager to head off for the holidays immediately after we went live.	(excessive/unnecessary bureaucracy: game launch was delayed due to app store slow approval process)	none	none
Tony Hawk Pro Skater (Dreamcast)	2000	communication	Because Activision sold the rights to Crave, to obtain assets or anything else we had to ask Crave, who in turn would ask Activision, who in turn would ask Neversoft. When we would suddenly discover we were missing something, it took forever to do anything about it. For example, when we needed the raw sound files it was days before we actually got a CD with the files on it, and the CD wasnt exhaustive. We had similar problems with tools -- we never did fully understand Neversofts Max plug-in and were limited in what we could do to improve the levels because of it -- as well as with some of the source code.	(excessive/unnecessary bureaucracy: in order to get assets for the port, the devs had to talk with multiple publishers)	none	none
Resident Evil 2 (N64)	2000	communication	Its Murphys law: for a project that had run so smoothly, our biggest problem came in the final hour, after the game was complete and we were awaiting approval from Nintendo. We were all ready to kick back and congratulate each other on a job well done, but our title still needed approval from Nintendo, both in Japan and in the U.S. The ensuing delays caused us to miss our ideal release date, which in the U.S. was Halloween.While it would be easy simply to complain about how terrible big publishers are, there are things you can do to mitigate the bureaucracy. The thing to keep in mind is that at some point there are decision makers involved with approving your game. Anyone who has shipped a game,especially for Nintendo, knows that even the most minor misbehavior can hold up the process. So what to do now that your game is being sent into the hands of who knows how many random individuals? Simple: realize that there is a process.	(excessive/unnecessary bureaucracy: release was delayed)	none	none
Trine	2010	delays	And it wasnt just internal -- many PS3 gamers were getting furious as the wait got longer with each passing week. Our long history of successful forum interaction with our fans backfired, when the estimated release dates we posted were missed time and again. When we realized the process could take longer, we became more vague with "no comment" posts, which did not do much to help. We got more than our share of press coverage on websites all over the internet, and with each delay the user comments started to turn more and more frustrated, especially with the busy Christmas period and its slew of great AAA games coming up. The PSN versions were finally launched on the 17th of September (EU) and the 22nd of October (US) of 2009 -- the one month delay between Europe and North America further highlights the submission and launch problems with the project (...) The situation remained much the same with patches -- the European version promptly got the patch that added proper Trophy images and made the last level easier, but the North American version had to wait over half a year until several non-technical aspects fell into place. It is much more difficult to get game updates released on the console platforms, and this was something we were not prepared for.	(excessive/unnecessary bureaucracy: release/patch delays made the player community frustrated with the game and the devs)	none	none
Music Up	2002	planning	Obtaining the rights to Music Up consumed 25 percent of the total budget -- which conflicted with our philosophy of cutting costs as much as possible. If the money could have been spent on the engine, we would have realized more long-term benefits. The marketing effect of building the game around the property was minimal, as the airing of the series didn’t favor of the games development and marketing at all. In return, it became a serious constrain of the production. Most seriously, the music we bought with the copyright was not fully owned by the show’s film producer. The problem wasn’t found out until the production went to the final period. As a result, some music that the game designers most wanted was not available for use in the game. You can guess how disappointed the team was when we got the news.	(excessive/unnecessary bureaucracy: sound assets could not be used because of copyright contract issues that were only identified in the end of development)	none	none
Slow Down, Bull	2015	delays	It was important for the company to not divide its message across games, so the result was there was a big delay between wrapping up the developer streams and the launch of the game so we couldn’t tie launch promotion to the streams.	(excessive/unnecessary bureaucracy: the game launch was delayed because the publisher took some time to close the deal with streamers)	none	none
The Adventures Of Shuggy	2011	delays	I believe the single biggest problem was how long it took to get the game into peoples hands. Development started at the beginning of 2007, and the version of the game entered into Microsofts Dream Build Play competition wasnt vastly different from what was finally released in June this year. Seeing games such as Braid, Lazy Raiders, and P.B. Winterbottom released, which use mechanics featured in Shuggy was upsetting. I knew my chance to stand out kept slipping away. Not only that, but there has been an understandable assumption that I stole the mechanics of those games for Shuggy. Particularly upsetting for the time travel / past echo mechanic, as Id released Timeslip back in 1999. I cant help but wonder how the game would have been received had it been released sometime in 2008, but as a lone developer there was no way I could fund an XBLA release myself. It was unfortunate that Vivendi was taken over by Activision Blizzard, as it (eventually) decided to terminate the Shuggy contract, but it was something I had an infuriating lack of control over.	(excessive/unnecessary bureaucracy: the release was delayed and, in the meanwhile, other similar games appeared in the market)	none	none
Trine	2010	team	The three to four months the game spent in QA caused a lot of anxiety and uncertainty on the whole team, most of whom had moved on to other projects by then. The teams, and especially the managements and the programmers, moods swung from the first submissions triumphant joy to annoyance to desperation to humorous disbelief during these weeks of constant waiting for new QA notes and final acceptance.	(excessive/unnecessary bureaucracy: the submission process and demand for high quality standards put a lot of pressure in the team)	none	none
Sportsfriends	2014	planning	"But it was weird," admits Wilson. "The contracts were weird, and we were sort of in uncharted territory. Our project has been crazy in every aspect. As if console development isnt tricky enough, in so many ways this project does stuff thats not traditional. Weve had to fight through a lot of weird bureaucratic snags. But luckily Nick and those guys have helped guide us through it."	(excessive/unnecessary bureaucracy)	none	none
Heavy Gear 2	1999	planning	Heavy Gear II was built completely from the battleground up, so every aspect of the game required significant development time. Unfortunately, the development schedule was too optimistic about how long it would take to create the title. Here’s an idea of the scope of the game, as specified by our design document. Heavy Gear II required a brand new game engine and an accompanying suite of design, development, and debugging tools. The game had more than 40 single-player missions, as well as numerous historical and instant-action missions. Additionally, multiplayer functionality (including cooperative play with multiplayer AI) was required for deathmatch, king of the hill, steal the beacon, and historical settings. We were also required to construct three different modes for each and all of these missions: terrestrial, space, and Gomorrah (combat in an enclosed, multi-level, near-future megacity) gaming modes.	(execution time for the tasks was underestimated: engine creation, art, game missions/modes)	Project Mismanagement	Brown et al.
Command and Conquer: Tiberian Sun	2000	delays	Everybody on the team knew this and we tried as hard as we could to work out all the details before we started the shoot. The problem was we didn’t have enough time and couldn’t change the date of the shoot because we wouldn’t have been able to get our two main actors, James Earl Jones and Michael Biehn. Going into the shoot, we had a pretty good idea of how we were going to work out all of the technical details such as camera tracking on a bluescreen, matching lighting to computer graphics, compositing, and so on. However, we ran into difficulties because we didn’t allow enough time for the more complex shots and were forced to edit on the fly during the shoot.	(execution time for the tasks was underestimated: game cutscene capture was rushed and edition process was hard)	Project Mismanagement	Brown et al.
Renowned Explorers	2016	planning	As mentioned before we started to create AbbeyCore, our own engine, a month before we started development on Renowned Explorers. Lets just stop there, because explaining why this is not a good idea is an insult to your intelligence. I dont know why we did it, I dont know why no one objected, (we even had folks who already created engines before!) so lets just say we were collectively drunk for 2 months. Once we started producing the game, AbbeyCore was far from ready for it. Add in the costs of learning new tech, and you got yourself set-up for months of delay. We paid a heavy short-time price in both time and money, with the hope that it would all pay out in the long-term. But there was a question we didnt ask ourselves: Isnt the price so high that we might not make it to long-term? (...) In short: we were very happy with the result (it became a good, deep game with plenty of interesting choices), but the costs were huge (most importantly, reliance on authority, and customers not knowing what to expect).	(execution time for the tasks was underestimated: middleware creation)	Project Mismanagement	Brown et al.
The Incredible Hulk	2008	cutting-features	Again, the upfront tech investment limited our polish time. Rather than work at a measured pace from the start, we were pushing hard to get all content in the game and be feature complete by alpha and beyond. While our client was enthusiastic about the fully destructible aspect of our design, the detracted polish time that resulted from its implementation was a warranted source of frustration on both sides.	(execution time for the tasks was underestimated: not enough time to polish)	Project Mismanagement	Brown et al.
Swords & Soldiers	2010	planning	Another point which required a lot more work than expected was simply polish. We wanted the game to be as good as we could make it at that time. During our game design education we worked on games, so we thought we knew how to make games. But school projects have strict deadlines, and once those pass, the game gets evaluated. This meant we had never actually completely finished a game. We always went about 90 percent there, which was good enough for good grades. As the saying goes, the last 10 percent of the work takes 90 percent of your time. It might not have been quite that extreme for us in this case, but it still took a good deal longer than we expected.	(execution time for the tasks was underestimated: not enough time to polish)	Project Mismanagement	Brown et al.
Tomb Raider: Underworld	2009	scope	Yes, we tried to do too much. Its human nature to reach as far as you can, and to think your arm is longer than it really is, but some games are more sensitive to scale than others. If you make a sudoku game, you can keep making grids until time runs out and youre done, but with games that have interlocking feature sets, plus a beginning, a middle, and an end, its much harder to scale properly, and harder still to change scale during production. There were success stories with respect to our scope, and with reductions we made all the way to Beta, but in the final analysis we tried to do too much, got locked into needing to do it, and scrambled to get it all done to the quality standard we hold ourselves to. The reason why scale kept outdistancing our deadlines is mostly because we underestimated the complexity of next-gen development and did not spend enough time in preproduction smoking out all the issues. The biggest casualty of making too much game wasnt the crunch time-we had less crunch than on past games-and it wasnt that we left parts of the game undone, since there are no holes in the experience. The most damage was to an element that was very important to us: polish. We padded our schedules an unprecedented amount, and then some, in order to have sufficient time to polish.	(execution time for the tasks was underestimated: not enough time to polish)	Project Mismanagement	Brown et al.
Operation Flashpoint Cold War Crisis	2001	planning	Despite some of the usefulness the extra development time offered us, in the end the cycle was probably too long, and in optimal conditions would have been at least 20 percent shorter. It may have been possible to shorten the cycle, but we experienced various external events or internal missteps that prevented us from accomplishing that. First of all, some technologies in the game were a bit outdated after more than four years. We didnt know at the outset that the game would be still in development after so long, and we hadnt left time at the end to rework parts of the engine. Some of the criticism of Operation Flashpoint addresses the amount of detail in the textures and some models - and we have to admit that these could have been better.	(execution time for the tasks was underestimated: not enough time to polish)	Project Mismanagement	Brown et al.
Brothers in Arms	2008	planning	The last few weeks of any project are difficult. The end is close and everyone wants to see the game on the shelves. Weve seen a number of projects try to rush this stage and each one has been kicked to the curb by either the publisher or the console manufacturer. Being bounced invariably causes delays for the developers as everyone takes an interest in the issues and is distracted by the result. It might create ill-will within the lot check trenches too, since receiving anything but someones finished product is bound to be frustrating. But we ignored what we knew from experience when we heard that test turnaround times at Nintendo were getting longer due to the holiday rush. So we submitted early and entered the bounce-house for a few cycles. Eventually we emerged on the other side with a stamp of approval. But it was more like the nod of consent youd get from a border guard than the warm hug from your mom after school. (...)  The overall development effort went right, but from a scheduling and planning perspective, the development production staff got lucky. This project was fueled by excitement about bringing the Brothers in Arms property to the Wii. The pre-production technical due diligence was in the spirit of relax, everything will be juuuuust fiiiiiine. There was never an itemized list of the technical hurdles that the team would need to overcome. Its almost as if we were lulled into complacency by the cute white controller and that mustachioed muscleman in yellow at WarioWorld.com. After a couple of months, when the engineering team was staffed up to full strength, the scope of what was required on the optimization front became clearer. At that point, rescheduling to accommodate optimization is more art than science. A team can make huge strides in a short amount of time while that last little bit of performance to bring the game up from 27 to 30 FPS could require major changes. We managed to work through a host of platform specific and optimization complications: a byte-swapped platform, slow IO connection between the PC and NDEV, an elf that was 4x too large, excessive (and minor) memory allocations, a new and untested rendering pipeline, slow physics/ragdoll simulation, in-game IO hitches, and a seemingly endless stream of miscellaneous framerate hits. In the end, the consensus was that we could have done more pre-production planning or risk assessment to better set expectations with our publisher.	(execution time for the tasks was underestimated: not enough time to polish)	Project Mismanagement	Brown et al.
Mini Metro	2016	delays	Most of the time this work would be on something that would have had to be worked on at some point—performance on low-end devices, a build pipeline for automatic deployment to devices, reworking the interface to be touch-friendly, etc.— but ultimately it was diversifying and confusing our efforts, and delaying both releases.	(execution time for the tasks was underestimated: optimization and deploy)	Project Mismanagement	Brown et al.
RoboBlitz	2006	feature-creep	Building a game based entirely on physics is difficult. Building a fun game based entirely on physics is OMGWTFBBQ difficult! The problem we encountered was that reality just wasnt very entertaining, so we were constantly balancing between real physics and fun physics. One example is the way Blitz drives - it took weeks to balance the programming and tweak the parameters so that hed drive as smoothly as he does now. He still doesnt move around like Mario, but in a game where everything is physical, thats just not possible. Blitzs grabby arms were another sore spot. We re-wrote the code 14 times until we came up with something that was user-friendly and enjoyable. The key there came down to building several A.I. heuristics into Blitzs grabby routine. Hell actually auto-adjust his alignment to pick things up better, and if something is too low for him, hell bend down just the right amount to pick it up. We decided to implement this feature because it’s just not fun for the player to have to do everything manually. We believe using A.I. to drive physical animation is going to be the future of procedurally animated games, but we didnt realize it until late in the development process and it cost us quite some time. On top of all that, building a physical simulation using an engine still in development made things a whole lot more challenging. We began development using version 2.3 of AGEIAs PhysX tool, and we found that a lot of their features just werent working the way we needed them to - usually because no one else was using those features in their games yet. AGEIA was responsive to our needs and tried hard to get things functioning the way we needed. However, every time a new build of the engine came out, we had to re-adjust and tweak all of our old settings, and work around any regression bugs in the betas. All the unexpected iteration work hurt us when trying to stay on schedule.	(execution time for the tasks was underestimated: physics system creation)	Project Mismanagement	Brown et al.
Bionic Commando Rearmed	2009	scope	This is probably a trap that many other publishers have fallen into as well. There is a tendency to think of digital titles as much smaller than their packaged brethren but in the end, they can be just as much work. The initial schedule we started out with was quite aggressive but something we thought was manageable. In the end we underestimated the submission process, number of bugs, and multiple versions that needed to be submitted and missed our mark by about four months. That wouldnt have been so bad if I hadnt opened my big mouth and stated that we were releasing in May... something that could also easily be listed as another big mistake... fortunately, we only have to list 5.	(execution time for the tasks was underestimated: project manager was precipitated in his decisions)	Project Mismanagement	Brown et al.
Ratchet & Clank	2016	scope	We take pride in our ability to hit our dates and finish strong. So while the prospect of delivering the gold master in ten months seemed a little crazy, it was also the sort of crazy that an Insomniac could get into.	(execution time for the tasks was underestimated: release date was changed)	Project Mismanagement	Brown et al.
Splosion Man	2009	planning	At Twisted Pixel we work with a very talented audio studio called Gl33k, who has worked on all of our titles. When bringing them on for Splosion Man, we were unsure of how many sound effects the game would need, and how long they would have to create the audio assets for the game. We originally based our sound estimates on The Maw, but that proved to be a very wrong assumption, as Splosion Man ended up having way more sound effects, including special musical numbers and other prizes than The Maw. Our "go to" guy at Gl33k was Matt "Chainsaw" Chaney, and he worked extremely hard to make sure all the new things that went into the game everyday received the sound attention that they deserved. Making things even harder on him was the fact that most of the final art and animation assets werent going into the game until towards the very end, which made it difficult for him to figure out what we wanted and where it should go. While this is a negative point in our postmortem (bad scheduling on Twisted Pixels part, no clear path for Gl33k when sound should go in), it luckily became a positive as well. Chainsaw loved the game and loved what he was doing for it, so he put in an insane amount of effort to make sure that the sound design was of a higher caliber than what most people would expect from a $10 downloadable title.	(execution time for the tasks was underestimated: sound design)	Project Mismanagement	Brown et al.
Black & White	2001	planning	Planning the story. We underestimated how long it would take to construct and write the story element of Black & White. The free-form nature of the game required an unfolding tale to give it some structure and lead it to a conclusion, and in October 1999 we began to work on the story. We thought it would take no more than two months, but after a while we realized that we didnt have the skill set needed to take care of this vital aspect of the game. I contacted James Leach, whod been the in-house games scriptwriter at Bullfrog and had worked on Syndicate Wars, Dungeon Keeper, Theme Hospital, and many others. He was working as a freelance ad copywriter but gladly came on board, again in a freelance capacity, and turned our ideas into a fully plotted story line, wrote hundreds of challenges and quests, and wrote all the dialogue in the game. It ended up being more than 60,000 words, the size of a novel.	(execution time for the tasks was underestimated: the game creators initially thought that they could write a good and concise story, but halfway through the process they noticed this was not possible, so they hired a writer)	Project Mismanagement	Brown et al.
Soldier of Fortune	2000	communication	Confusion over project scheduling aside, additional technologies were developed during the course of the project that were never truly planned out appropriately, such as the terrain engine, the in-game effects editor, and the scripting system that we used. All of these technologies served to improve the game substantially, yet they could have worked better if they had been properly discussed between the team members.	(execution time for the tasks was underestimated: tool development)	Project Mismanagement	Brown et al.
SWAT3 Close Quarters Battle	1999	feature-creep	In an effort to pack in as many features as possible, we simply didn’t give ourselves enough time for integration and play testing. For example, most of our character dialogue didn’t roll in until a couple of weeks before we were scheduled to begin QA. Integrating the dialogue took longer than expected, and only at the last minute did we discover that some of it could never even be heard. The AI didn’t really come together until the last month of development. There were some minor problems in the character animation system that caused the AI programmer quite a bit of grief, and the pathing system went through several last minute changes. Having more time to integrate those modules would have made things much easier. Our user’s manual was another casualty of our tight schedule. We were so focused on finishing the game, we simply didn’t give it the priority it deserved. When someone says the manual isn’t important, don’t believe them. People really do read the manual, and it should be play tested just like the game. We won’t make that mistake again.	(execution time for the tasks was underestimated)	Project Mismanagement	Brown et al.
Renegade Ops	2012	planning	These are areas of the game that we really did not have time to implement to the same level as the games core features. If we had dropped one or two of them at an earlier stage, it would have saved us a tremendous amount of time, and the remaining features would have had a chance to reach a much higher level of quality. (...) The initial plan we committed to gave us a total of 16 months with one month for the alpha, beta, and release phases, respectively. Our intuition warned us that this would not be enough, but we went ahead with the notion that we could shift things around once we got to the main production phase. Once we did -- seven months later -- we were very happy and proud with the quality and level of completion of our vertical slice, but the plan still had very little room to shift things around.	(execution time for the tasks was underestimated)	Project Mismanagement	Brown et al.
Deadliest Warrior	2010	planning	I cant tell you how many times Ive been producing games and got wrapped up in the gameplay and later realize that I didnt allocate enough resources to sound design. I feel that editorial and sound design is the most neglected part of game production, because we get too focused on features and graphics and making the game look awesome. However, when you put it all together, sound and copy make such an impact on the final experience.	(execution time for the tasks was underestimated)	Project Mismanagement	Brown et al.
Last Call	2001	planning	In retrospect we made many classic beginner mistakes. We were not realistic about the projects timeframe. We underestimated the duration many small tasks -- culminating in a lengthy delay. We did not press for change orders when appropriate (probably because we were changing the title daily).	(execution time for the tasks was underestimated)	Project Mismanagement	Brown et al.
Leaving Lyndow	2017	planning	I told myself I had one night to produce a prototype. If I didnt have a skeleton prototype that could be played start to finish by morning, Id end it right away. By 6 am Id accomplished just that. And rather handily! I knew it could be done. And once Id discussed it with my co-designer girlfriend, we verified the sanity of the idea from a business perspective. Even with all this sanity checking, my scheduling was off by double	(execution time for the tasks was underestimated)	Project Mismanagement	Brown et al.
Middle-earth: Shadow of Mordor	2015	planning	During pre-production, we didn’t have good metrics on our production capacity. This led to the specification of the game being over-ambitious, which as we started to get a clearer picture of reality required us to make some pretty big and painful cuts.	(execution time for the tasks was underestimated)	Project Mismanagement	Brown et al.
Neverwinter Nights	2002	planning	A side effect of the attention Neverwinter Nights received in the years prior to its release was that we built a number of demos for trade shows and press visits, more than typically occur for most major releases. We probably announced the game too early in its development cycle, and it took a long time to complete the game with the promised feature set. Each time we built a demo there was an impact on the team in terms of both focus as well as schedule. We felt the demos were successful overall and that the incremental PR received from these demos was helpful to the games market success, but each of these demos consumed considerable team resources. In spite of this impact, the team recognized that demos are a necessary and vital part of the development process - however, they should be part of the schedule and planned accordingly from the start. In our future projects, we are booking more time for demos in our schedules, since they always seem to take up more time than originally anticipated.	(execution time for the tasks was underestimated)	Project Mismanagement	Brown et al.
NFL RUSH Heroes and Rivals	2015	scope	Had we done only one app or the other, we probably could have released a truly polished experience. Instead, we scoped the games poorly, and for that they both suffered.	(execution time for the tasks was underestimated)	Project Mismanagement	Brown et al.
Prune	2015	scope	The game was originally supposed to be a short two to three month project to get my feet wet as a solo indie game designer. (...) Unfortunately, three months quickly turned into six months, and finally into a year and three months. (...) I had completely unrealistic expectations.	(execution time for the tasks was underestimated)	Project Mismanagement	Brown et al.
Race the Sun	2015	scope	We’ve also come to grips with the fact that we consistently under-estimate how long things will take by at least a factor of 2x.	(execution time for the tasks was underestimated)	Project Mismanagement	Brown et al.
Rainbow Six	2000	team	This point is closely related to the previous point. Because we didn’t have a firm design, it was impossible to do accurate time estimates. Red Storm was starved for manpower across the board, and because we didn’t have a proper schedule, it was hard to come to grips with just how deep a hole we were digging for ourselves. There were always plenty of other things to do in getting a new company off the ground besides recruiting, and we were trying to run as lean as possible to make the most of our limited start-up capital. Given the circumstances, it was easy to rationalize understaffing the project and delaying new hires. (...) Losing even a junior member of a development team close to gold master can be devastating. When our lead engineer took ill in February 1998, we were faced with a serious crisis. For a few frantic weeks, we tried to recruit a lead from outside the company, but eventually it became obvious that there was no way we could bring someone in and get them up to speed in time for us to make our ship date in July 1998. Promoting from inside the team wasn’t a possibility either — everyone’s schedule was so tightly packed that they were already pulling overtime just to get their coding tasks done; no one had the bandwidth to handle lead responsibilities too.	(execution time for the tasks was underestimated)	Project Mismanagement	Brown et al.
Ratchet & Clank	2016	planning	Here’s another one for the depressingly thick “mistakes we make every single time” file. We’re really bad at scheduling cinematics.	(execution time for the tasks was underestimated)	Project Mismanagement	Brown et al.
Scooby-Doo! First Frights	2010	planning	These holes werent unnoticed by the team. We didnt suddenly reach the end of development and go "Oh, hang on, that doesnt make sense!" We were quite aware, but with limited time and resources, could only fill in the gaps so much. Wed cater for story continuity through the use of voice-over moments (VOMs), however some instances did fall by the wayside. Again, it all came back to our lack of understanding in the execution of the story in-game, underestimating the workload, and pressures of resources and time.	(execution time for the tasks was underestimated)	Project Mismanagement	Brown et al.
Tomb Raider: Underworld	2009	planning	Much of this pressure came from the collision between ambition and capacity, made worse by the cognitive dissonance between seeing a game on paper that you want to have, and knowing that the production data indicates you cant have it by the prescribed date, but being unwilling to change either one. At the time, and indeed throughout the project, we knew it was risky to move on to the next phase of production before the previous one had completely finished, yet we did so anyway. This is one of those repeated mistakes, so why did we do it? Cognitive dissonance is part of the answer. Wishful thinking is another part. But mostly, in an imperfect world, every risk you take is a gamble that may fail, and at the end of the endeavor, you end up needing to explain only the risks you took that didnt pan out, like this one. (...) Unexpected complexities in next-generation development, along with communication throughout a team larger than the studio had ever seen, consumed our polish time and more. This makes the mistake of underestimating our polish time more understandable, even though this is also one of those repeated "what went wrong" scenarios, because we were dealing with a whole new class of unknowns. This wont be the case going forward, however, so the team should be equipped next time to avoid the usual mistake of not scheduling enough polish time.	(execution time for the tasks was underestimated)	Project Mismanagement	Brown et al.
Trade Empires	2001	feature-creep	Pathfinding was the number one mistake in our scheduling. Over and over we failed to realize how much time the game would spend pathfinding, and how much time we would spend writing the code. We didnt realize that many things which we thought of as separate challenges were really all pathfinding and should be designed in a comprehensive way: creating a path for units who already know their destination, having the unit sprites follow the path and stay centered on their pathway art, constructing the pathways, drawing pathways.	(execution time for the tasks was underestimated)	Project Mismanagement	Brown et al.
Tycoon 2: Marine Mania	2007	scope	We had actually done a lot of design work on Marine while Zoo Tycoon 2: Endangered Species was still in development. In fact we delivered our first Marine milestone, which was all of our documentation (functional spec, tech spec, schedule, etc…) to Microsoft within four weeks of delivering Endangered Species to manufacturing. Needless to say there’s a lot of work in creating these documents and a few things were overlooked. For instance, although our initial schedule accounted for the fact that we needed to create animations for the guests sitting in the grandstands to react to marine shows, we overlooked the fact that the young guests needed their own specific animations for these actions as they would be unable to share those adult size animations. Oops! The technical spec and the schedule were probably the most impacted by this and fortunately we were able to revise our plans and absorb the things that fell through the cracks relatively painlessly (notice I did not say “pain-free”). We also underestimated some of the difficulty in transitioning to 3D movement through water. We knew it would be hard of course but it proved to be even more challenging than we expected. A lot of time was spent in this area to smooth out the pops, deal with obstacle avoidance, transition between land and water, etc. We expected it, we just didn’t expect quite as much of it.	(execution time for the tasks was underestimated)	Project Mismanagement	Brown et al.
Vampire The Masquerade	2000	scope	In retrospect, we were in some ways our own worst enemy. Many of the team members had wanted for some time to do a really huge, ambitious role-playing game. When we actually started the project and had a budget and schedule, we probably werent realistic about how long RPGs typically take to develop, especially one that travels to four different cities across an 800-year timeframe. We were very reluctant to make big cuts in the design, such as cutting one of the two time periods or removing the multiplayer aspect. Because of this, we eventually had to make the decision to miss our first scheduled release date of March 2000. We also cut back on our plans to release an interactive demo some months before the game and scaled back the scope of the multiplayer beta.	(execution time for the tasks was underestimated)	Project Mismanagement	Brown et al.
No One Lives Forever	2001	feature-creep	Implementing in-game cutscenes in NOLF proved to be a frustrating, time-consuming ordeal, especially considering how many of them there were. As a result, I generally had to go with the easiest solution rather than the most desirable one. Due to time constraints, I also had to sacrifice many of the cutaways Id hoped to do to keep the briefings interesting. To make matters worse, wed done the motion capture based on the original script, so with the cutaways excised, I had a very limited pool of applicable animations to draw from.	(execution time for the tasks was underestimated)	Project Mismanagement	Brown et al.
RoboBlitz	2006	scope	Even though we had great people on our development team, there were only a few who had gone through the full development cycle for a retail title before, and this had far reaching repercussions. On the most basic level, we were not able to accurately estimate the impact of untested technology on the time it would take for us to implement the game. Therefore, because we had tons of great ideas, we chose a scope for the game that included more features than any sane, experienced studio would dare accept given the budget and timeline. Because we underestimated the time and budget required for a game of this scale, we were understaffed right from the start. This required us all to wear several hats, sometimes leading to negative consequences. For instance, our lead programmer was also our system admin. Whenever there was an issue with the network or the bug tracker or the version control software, he had to stop programming to take care of it. Our overambitious design and understaffing sent the entire team into crunch mode for the majority of production. We had no choice but to work long hours to make deadlines, and this took a toll on our constitutions and quality of life. Luckily, every one on board was young and hearty, and in love with the project, so there were no permanent effects, but we will definitely do things differently from now on. (...)  When we started development on RoboBlitz, we jumped into the level creation process with very little pre-production. We knew the basic functionality of our robot and we knew we wanted action and puzzle oriented game play. In general, this put us in a mode of running along with whatever good ideas we had at the moment and keeping whatever worked best. This allowed for very fast, dynamic changes in the game design, which would have been fine if we were in pre-production. However, when we were adding new weapons and controls six months into an eleven-month project, it did not work out too well. The biggest problem with our lack of pre-production was that we didn’t nail down key game play mechanics and character movements before implementing the levels. Once the majority of the game was built, it became extremely burdensome whenever we had to add new features or tweak character movements. This meant we had to go back through the entire game and alter levels so that the new features didn’t break any of the existing ones. With a product that allows as much freedom of movement and game play as RoboBlitz, this was not a small task. We were left changing significant play mechanics, controls, camera angles and level features only weeks before the content complete milestone. These new changes then required retranslation of localized text, sound effects tweaks, and art adjustments, which in turn generated their own regression issues. As a result, a few areas and aspects of the game were much less thoroughly tested than we would have liked.	(execution time for the tasks was underestimated)	Project Mismanagement	Brown et al.
Armadillo Run	2006	planning	One of the first things I did was draw up a work schedule covering what I thought was the whole development. This was good - it helped organise the work and gave me short and long term targets. I was quite optimistic in my time estimates of most tasks, and for the most part achieved my self-imposed targets. However, I didnt allow enough time for the things I viewed as less important - which turned out to take significantly longer than I expected. I think this was because Im a programmer, and I thought that programming a working game engine was pretty much all you needed to do to make a game. Sound, interface design, level design, testing, gameplay tuning, menu code and the general finishing touches all got massively underestimated. Thankfully my slow but steady coding style didnt create a mountain of bugs on top of these delays. The other thing that I completely ignored was publishing the game. I did give it some thought early on, but I didnt allocate any time for it. I had assumed I would just give it to someone else to take care of that bit. In the end I decided to sell it myself through my own web site, but setting it up took some time I hadnt planned for.	(execution time for the tasks was underestimated)	Project Mismanagement	Brown et al.
Black & White	2001	delays	Talking about release dates. I have to admit, ruefully, that I have a reputation for being, shall we say, optimistic about when the projects Im working on will be completed. I opened my big mouth and announced that Lionhead Studios would finish Black & White and get it released at the end of last year. I just cant resist talking about whatever Im currently working on. This has been a problem Ive experienced with every game Ive ever developed. But the thing is, when I think something is going to be finished in December, I really do believe it. People at Lionhead were telling me that we had to build in time for bug-fixing, and I knew this was true, but the truth is that there seems to be no formula for working out how long things will take. The best thing to do, I guess, is to take the finishing date I first think of and move it twice as far away—and then not announce it until were halfway there.	(execution time for the tasks was underestimated)	Project Mismanagement	Brown et al.
Conduit 2	2011	crunch-time	Early on in development, theConduit 2 development team implemented new features to the point where they could be demonstrated, but were not complete. When much of the project is composed of partially-implemented systems, it makes the game codes structure unstable and hard to work with. Whats worse is that after the layoff, we were left with unfinished systems combined with team members that didnt fully understand how to work with them. This added months to the development cycle as each fixed bug can potentially spawn or expose multiple new problems. Conduit 2 is a huge game, much larger than anything our company has ever developed before. The time needed to complete a project of this scope was definitely underestimated.	(execution time for the tasks was underestimated)	Project Mismanagement	Brown et al.
Dynasty Feud	2018	scope	Actually the initial plan of the development included an AI to battle against and we even started working on it. Until we realized that with 40 different characters, each one of them with different abilities and strategies, the tweaking was going to take forever, so we decided to discard it. 	(features were cut due to budget/time constraints)	none	none
Star Trek: Hidden Evil	1999	cutting-features	After removing many scenes from the game, we needed to repair the holes left in the story. Our solution for many of these cuts was to create a prescripted cut scene. Some of them showed basic actions or events but most fell into the category of data dump. These are scenes that obviously exist for no purpose other than to convey information to the player. The result in Star Trek was one or two minute dialogues with characters standing around talking, sometimes over communicators which really doesnt create an energetic scene. Our use of dialogue to convey information breaks one of the fundamental rules of visual entertainment, convey information with images. Instead of watching someone tell you about a level, why not listen to the voice over while watching a fly-by of the level on your tricorder.	(features were cut due to budget/time constraints)	none	none
Cultist Simulator	2019	cutting-features	The release build of Cultist doesn’t contain all the fun stuff we’d have ideally wanted, if we were operating in that magical wonderland of infinite money and time.	(features were cut due to budget/time constraints)	none	none
Das Geisterschiff	2019	cutting-features	The project had to be refocused too many times to fit into the design and resource limits, and because of that the story had to be simplified until it became just a background and glue for the gameplay and levels, which, on the bright side, forced us to make them work better on their own	(features were cut due to budget/time constraints)	none	none
Slow Down, Bull	2015	cutting-features	When we had a final understanding of our timeline and I decided to cut leaderboards up front so that we could actually finish the game on time, there was some response of confusion since, after all, I’d gotten leaderboards up and running within a couple of weeks for the prototype.	(features were cut due to budget/time constraints)	none	none
The Banner Saga 2	2016	cutting-features	After the initial development period, we had more and more difficulty in identifying parts of the game we could cut. It seemed like we had cut it as far as we could, and everything else just had to make it in by pure force.	(features were cut due to budget/time constraints)	none	none
The Political Machine	2004	cutting-features	We had several other features in mind that we had to cut because of lack of time, time we would have had if we hadnt done multiplayer. For instance, we couldnt include multiple maps, and Id love to have had the ability to play in Canada, or the UK, or the whole of Europe, or even a worldwide map. Thats not even counting made-up maps we could have created. I think the inclusion of different maps to play on would have increased the replayability of the game a great deal. I would have also liked to have given different candidates "special" powers, to make each one more unique apart from statistical differences. But the time in development and testing on multiplayer eliminated those kinds of things. When gamers demand multiplayer, what they dont realize is that something has to be sacrificed for it. You have a finite budget and a finite time to use it, and so, to quote Spock: "The needs of the many outweigh the needs of the few." With that in mind, I wish we hadnt done multiplayer in The Political Machine.	(features were cut due to budget/time constraints)	none	none
Top Gun	2009	cutting-features	Originally, our story spanned 16 levels, and when we had to condense the game to 10 (due to time constraints) instead of condensing the story, we decided to leave it open for a possible sequel. (...) Speaking of no payoff, the other sin we committed was having a quick ending sequence. After the final mission, the game simply cuts to a "To be continued" screen, then kicks back to title. This one still kills me, because I hate when games do this to me (I remember playing through over a hundred levels in Rampage for the NES as a kid only to get the word "Congratulations". Total BS!) We just did not have enough time to complete that portion. I had a whole credits sequence visualized too, set to Cheap Tricks "Mighty Wings". If only we had a little more time (not to mention the rights to the song).	(features were cut due to budget/time constraints)	none	none
Total Pro Golf 2	2007	cutting-features	We also had to leave a feature or two on the cutting room floor as well. They weren’t features we had announced, but we’d still hoped to get them into the game. Hopefully there will be enough interest in the title to continue its development, because the game world still has rich opportunities for expansion.	(features were cut due to budget/time constraints)	none	none
Uncharted: Golden Abyss	2012	cutting-features	Much has been made of the fact that there are no supernatural enemies at the end of Uncharted: Golden Abyss. Originally, there were going to be. In an early draft of the story, Drake reached the underground city of gold and discovered that all of Guerros men had been killed -- victims of what the local superstitions called "Chindi". (...) Reading an early draft of the story, Amy had expressed some misgivings that the Chindi were pretty similar to the Descendants. Later, when I asked if the Uncharted formula required a supernatural ending, she said absolutely not. So the Chindi were cut. Some players missed them and said we werent Uncharted without the supernatural ending; others thought its absence made the game better. We werent making a judgment call either way -- we were merely trying to trim the schedule. (...) We loved the idea of showing how Drake might have screwed Flynn over early in their careers, perhaps explaining Flynns behavior in Uncharted 2: Among Thieves. But we realized that cutting this plot element would allow us to cut an entire worlds worth of characters, mocap, sets, movies, and gameplay. At the time, I hated to see Flynn go, but as it turned out, we didnt cut nearly enough. (...) Drake and Sully were to traverse dangerous cliffs, narrow trails and more rickety bridges as they fought their way up to a Machu Picchu-type city where they would have discovered the entrance to the lost city of gold. (...) This world didnt get cut until just before final production began, so we had concept art, maquettes, layouts, as well as playable gray box levels. But as production began we were still worried about being able to pull off the Naughty Dog-style open spaces, cliffs, and vistas. (...) At the time we were sorry to see the Highlands go because we worried the player wasnt going to get enough Sully time, but that turned out to be a non-issue, mostly because the rainforest world almost doubled in size during production (which was, no pun intended, a much bigger issue). (...) The last major cut came after the script was locked and full production had begun -- but the cut was not the result of our having realized our game had scope issues. It was cut because of a tsunami. Originally the shanty avalanche world took place between Chapter 9 (the last shantytown level) and Chapter 10 (the "side scrolling" level where weaponless Drake and Chase run for their lives). In the avalanche levels Drake and Chase would have been trapped in the middle of a massive avalanche that was sweeping the shantytown down the mountainside (the bridge was originally a dam). (...) Then in March of 2011, a disastrous earthquake and tsunami hit Japan and we, along with the rest of the world, spent several days watching images and videos of the awful destruction as entire towns were swept away by torrents of muddy water. In the aftermath of this, we worried that maybe the avalanche world would feel a little on the exploitive side, and that at some point we might be asked to remove it.	(features were cut due to budget/time constraints)	none	none
Uncharted: Golden Abyss	2012	scope	I mentioned earlier that once we got there, the locked script helped immensely by keeping production moving, and by keeping large changes to a minimum. But the locked script also hurt in an important way: once we discovered that the game was too big, we couldnt cut much more than we already had without leaving the story and pacing in shambles. Important character and plot developments happened in each world, and more importantly, key gameplay sequences. Even through the story we set out to tell in the beginning was too big, trimming it halfway through development would have weakened it, making game-play scenarios feel isolated and meaningless. (...) Bend Studio has always developed third-person action games, whether the emphasis was on Syphon Filter-style stealth action or Resistance: Retribution-style sci-fi action, but we completely underestimated the amount of additional content required by an Uncharted game. As we finished prototyping and began actual production, we realized this, and started making big cuts in the design and story. Heres some examples of things we cut before production began. (...) Uncharted: Golden Abyss had 34 next-gen quality levels, each of which had five times the content of any PSP game we had ever made. What were we thinking? We were trying to make something akin to a nextgen quality console game with a core team that was a third the size of a Naughty Dog or Santa Monica Studio. It was insanity. (...) In the end, we needed to cut even more, but thats where the reality of the locked script really hurt us. The only way to have fixed the scope issue, in hindsight, would have been to tell a more modest story to begin with. Maybe there should have only been one antagonist instead of two; maybe the whole Perez backstory was too expensive and unnecessary; maybe we didnt really need such a long trek through the rainforest (thankfully we didnt cut that -- yay Sully!) And maybe a handheld game didnt need two hours of cinematics (twice that of Resistance: Retribution.) Given the chance to do it again, we would have spent much more time up front vetting every aspect of the experience, negotiating a target game length. It was an expensive lesson, given the amount of overtime we had to work to finish the game. (...) Our crunch in Uncharted: Golden Abyss was almost completely attributable to one thing: ambition. As noted above, we didnt do a very good job of managing the scope of the game, which for some players ended up being a 10 to 12 hour experience -- compare this to God of War: Chains of Olympus, one of the highest rated games for the PSP, which clocked in at six or seven hours. (...) But even with all those cuts,Uncharted: Golden Abyss was still a huge game. Partly this was because some levels had to be divided in half in order to work with our streaming engine. In any other franchise this might not have been a big deal: divide a large level and you end up with two smaller levels, right? But with Uncharted, thats not how it worked out. Because our streaming required a cinematic to mask asset loading, each level required a transition cinematic -- at one point we had trimmed over 20 minutes from the script, but by the time we reached gold master, we had added all those minutes back in, and then some. And it turned out that the amount of polish wasnt cut in half, but doubled; it was hard to tell artists, "look, this level gets only half your time and attention because its not really a full level." Development just doesnt work that way. Misunderstanding the correlation between level size and asset needs was a mistake we made from the start. Because we were worried about memory and streaming, we had made the decision early on to create more, smaller levels, thinking they would be easier to build, load and polish. But Uncharted is a dense experience in terms of assets per square foot of environment. Even small levels tended to get filled up with AI nodes, VO triggers, traversal edges, unique action moments, special animations, collectible hiding spots... all of which needed art, animation, audio, scripting and sometimes code support. And as the layouts got fleshed out, each experience grew in the telling until we were looking at a massive amount of assets that needed to be polished.	(features were cut due to budget/time constraints)	none	none
Warhammer: End Times – Vermintide	2016	planning	The lack of Betas was mainly due to bad scheduling on our part and a maybe too tight release schedule for the consoles.	(features were cut due to budget/time constraints)	none	none
Wik & The Fable Of Souls	2005	cutting-features	Our early game plan called for four boss characters which Wik would encounter and battle through the game. The Hornet Queen would appear towards the end of the forest level set, the Spider Boss would flash her fangs towards the end of the caves, a giant Scorpion would appear towards the end of the creepy vines level set, and the end of game ultimate uber-boss was the Lord Of The Grubs, a fearsome creature guarding the gates of the land where the wicked little grubs had originated. The Hornet Queen and the Spider Boss were both modeled, had basic texturing and were fully animated before the difficult decision was made to cut them and the other two boss creatures from the game. We simply did not have enough time in the development schedule to implement and balance them after taking time to re-design the core play mechanic.	(features were cut due to budget/time constraints)	none	none
The Gallery: Call of the Starseed	2017	cutting-features	When we launched Call of the Starseed alongside the HTC Vive in April 2015, we weren’t sure what the response would be. We worked countless long nights to meet that release date, and had to scope down many ideas that we just couldn’t make work in time.	(features were cut due to budget/time constraints)	none	none
Star Trek: Hidden Evil	1999	feature-creep	The initial game design was a mammoth undertaking especially when you consider the one year timeline. As we watched ourselves fall behind early with milestones, we knew that unless we changed the project significantly we would completely miss our gold master date and Christmas with it. It was decided that cuts had to be made.	(features were cut due to budget/time constraints)	none	none
Baldurs Gate II	2001	cutting-features	In a project as content rich as Baldurs Gate II, we didnt really have to worry about cutting content. While we shipped with nearly all the features we originally planned, we did start cutting quests and characters well before the final testing phase. We still ended up with over 200 hundred hours of gameplay. In retrospect we should have started this process many months earlier. One of the dangers of development is that game developers have a tendency to always add content if they are given time. They dont naturally spend time limiting and polishing content; instead, more time means more stuff. Its wise to use that prioritized feature list to hone the work (of course ours was informal, which made it a little difficult)	(features were cut due to budget/time constraints)	none	none
Chili Con Carnage	2006	cutting-features	In order to reduce scope, save resources and manage to bring the game to market in a year we may have cut too many corners relying too much on the fact that the “distilled” game experience would be enough to satisfy the player.	(features were cut due to budget/time constraints)	none	none
Myth: The Fallen Lords	1997	cutting-features	The biggest announced feature that didnt make it into the final version of Myth was a scripting language that would allow the player to modify elements of the game. We had hoped that user scripts could be written for extensible artificial intelligence, as well as custom formations, net game rules, and map behaviors. We selected Java as a good basis for the Myth scripting language because of its gaining popularity, good information-hiding capabilities, and relatively simple byte code interpretation. After several months of work, early versions of the game loaded, compiled, and ran code from tag files. A few simple scripts worked for presentation purposes, including one that instructed a unit to search the battlefield for the heads of the enemy and collect them in a pile. Unfortunately, when the programmer responsible for the scripting language parted ways with Bungie, we were left with a number of features to implement and no library of user-friendly interfaces with the game code. Given its incomplete state at such a late stage of development, there was little choice but to drop this functionality. (...) With a few exceptions, everything from our list of "Stuff that Rocks" made it into the final product. Those features that didnt make it came so close and were so exciting that they definitely deserve mention. Near the end of the project, we started adding support for 3D fire, which would be ignited by explosions and flaming arrows. Our flames were sprite-based 3D particle effects, complete with translucent smoke. Fire could spread across the landscape and move at different rates over the various types of terrain. To our dismay, when a spark in the woods spread into a raging forest fire (as it should), all the translucent smoke sprites slowed even fast, 3Dfx-accelerated machines to a crawl. With little time to rectify the problem, we had to put out the fire, so to speak. We had also planned for wildlife to scamper across the terrain and for birds to fly through the air, breathing life into our empty landscapes. Our attempt at ambient life started with a giant squirrel created by one of our artists. Unfortunately, due to time constraints, we didnt have a chance to create very interesting behaviors for it. Just about the only AI that we had a chance to code simply made the squirrels gravitate towards the players units. We thought it best to drop ambient life rather than subject players to hordes of nuzzling squirrels.	(features were cut due to budget/time constraints)	none	none
Sanitarium	1998	cutting-features	The action sequences needed more attention. They were important for guiding the pace of the story, but didnt have the feel that we were after in the end product. The original idea behind these areas was based on one of DreamForges earlier titles, Veil Of Darkness. It had wonderful combat areas that helped break up the pacing between the puzzles. However, in Sanitarium, multiple factors forced us to water down the combat zones or in some cases cut them altogether. We had originally planned a large combat zone for the Hive level of the game. Wed hoped to make Grimwall vs. the Hive one of the most fun and integral combat areas, but it was cut from the game for various reasons.	(features were cut due to budget/time constraints)	none	none
SpecOps: Rangers Lead the Way	1999	cutting-features	The spec for this game was more than a little overboard. It originally targeted the PlayStation, Macintosh, and PC. It had networking, supported 3D hardware, used motion capture, and contained support for just about everything else you could want in a game. It was also on a 15-month development cycle. To top it off, Zombie was writing the entire engine from scratch. On the up side, there was a healthy budget. We dropped the Macintosh version right away, and we terminated the PlayStation version at alpha (when it was still running at five to eight FPS). Networking support was postponed for an expansion pack a year into development. While setting our sights so high was clearly the reason we got so far, dropping this many versions and features along the way was worse than anyone expected. I blame publishers as much as developers in this kind of situation. Publishers go through more product cycles than developers do, and should have some past experience telling them what is realistic to achieve. We learned the hard way what’s possible to accomplish in 15 months; as a result, we completed the game in 20. (...) As mentioned earlier, at one point we mitigated being over schedule by dropping networking capabilities from the release. I don’t think anyone actually believed that this was a good idea, but it somehow it happened anyway. The fact is that as much as 3D acceleration is the future, so is networking. Luckily, the gaming community has been taking it soft on us, and we’re working hard to get out an expansion pack that has a variety of network play options. That pretty much concludes the walkthough of the major components of the Viper engine and the problems we had while creating the title. While I could only really touch on the major issues we faced and the solutions we devised, hopefully it’s enough to make the efforts of other developers a little easier. If there’s a component of the Viper engine that you would like to see explained in further detail, please let me know. I encourage other developers to describe their projects in similar detail, so that we can learn from each other’s mistakes as well as successes	(features were cut due to budget/time constraints)	none	none
Star Wars DroidWorks	1998	feature-creep	The number of combinations possible in DroidWorks gives it its power. How many droids can you build from 87 droid parts anyway? At one point during development, we could build over 65 million fully functioning droids, but design decisions forced us to cut it back to only 25 million by the time we shipped. How do you deal with that kind of complexity? (...) Our level designers also saw the nightmare of complexity. They could never be entirely sure what kind of droid would be walking into their rooms, and they had to leave the levels as open as possible. In many cases, they created ingenious physical filtering mechanisms that would guarantee certain types of droids beyond certain points in the level: a steep hill would weed out biped droids in favor of droids with tractor treads, a chasm would weed out wheeled droids who cant jump, a narrow canyon would weed out wide droids, and a short door would weed out tall droids. They used the terrain leading up to key puzzles to reduce the complexity of the puzzle itself, giving kids a chance to uncover the mission requirements themselves within the context of the game	(features were cut due to budget/time constraints)	none	none
Dead State	2014	feature-creep	There are over 45 allies in the game, with 6 to 30 branching dialogues for each ally. The amount of dialogue added up quickly and took a lot of time to write, script, and revise, especially when it was done by two designers that also had to oversee other systems. The biggest problem stemmed from our allies being around the shelter for a period of up to 85+ days of game time. There was definitely a player (and reviewer) expectation that the allies should have had dialogue refreshed nearly every day, or that they should have as much to say as companions in other RPGs. However, most RPGs spread their companion dialogue and reactivity over 8-10 companions or non-playable characters, and update it in stages according to a set of linear plot points (another thing that Dead State, by and large, happened to avoid). By the end, Dead State was already pushing the 15,000 line count with our massive cast, and that’s not even counting combat/reactive barks. While I think we did a great job making the allies diverse and as interesting as we could for their screen time, I can honestly say I would never recommend anyone attempt to have 45+ companions in your game unless it’s going to be a very short game.	(features were cut due to budget/time constraints)	none	none
Deus Ex	2000	scope	Clear goals are great . . . when theyre realistic. We started out thinking very big. That in itself isnt bad -- its necessary to advance the state of the art -- but we were unrealistic, blinded by promises of complete creative freedom, and by assurances that we would be left alone to make the game of our dreams. A really big budget, no external time constraints, and a marketing budget bigger than any of us had ever had before made us soft.	(features were cut due to budget/time constraints)	none	none
Draconus	2000	cutting-features	Our answer to being under funded and under scheduled was to cut network play. We needed to make much bigger cuts. If we had thrown out our new engine and gone back to the Die By the Sword engine, cut the number of levels in half, stuck with one main character instead of two, and tried to be conservative about our technical achievements, rather than pushing the Dreamcast to its published limits, we would have had a fighting chance.	(features were cut due to budget/time constraints)	none	none
Gish	2004	cutting-features	The original cast list for Gish was over 36 characters. This list was cut down to just 16, two weeks before release, due to the pressing and fixed deadline. At the time, the current frame count for the character animations was well over 900, and with only a few weeks left of development time, there was no way Edmund alone would have been able to pull that off. So regrettably, a lot of memorable baddies were cut. (...) Sound effects were basically the last thing on our list of importance, and I think thats pretty obvious to any one whos played the game. Though some might say the original (and amazing) sound track was a saving grace, the lack of obvious sound effects is still apparent. Gish was the first Chronic Logic game where sound was really a factor, so I could blame its downfall on lack of experience in the sound department. But in all reality, Im sure we could have made time for extra sound effects, if we actually had any extra development time left to do so.	(features were cut due to budget/time constraints)	none	none
Jurassic Park: Operation Genesis	2003	cutting-features	Another example is the AI system. The systems that were built were very powerful, but there simply wasnt time to take full advantage of their capabilities. For instance, the data-driven neural net system used for the dinosaurs perception lends itself perfectly to in-game learning. However, in-game learning did not fully fit the game design, and the situations where it could be applied were very contrived. As a result, we did not use in-game learning even though it is supported. (...) As with all games, there are always features that were left out due to schedule or other reasons. With Operation Genesis, we probably had enough ideas to fill multiple games. (...)Very early in the project, we dreamed of 40 dinosaur species. However, as development proceeded, the list was reduced to 25. The ones that we miss most are the sea-dwelling and flying dinosaurs. The main reason they were lost was schedule. In some sense, it was a choice between creating fewer, more interesting dinosaurs, or a larger number of less interesting dinosaurs. (...) There were also some buildings that did not make it into the final game. These buildings include the hotel, hunting platform, and the dino-vet station. Some of these buildings existed in earlier builds of the game. Some were removed due to design decisions, and some were removed due to the memory constraints on the consoles. Having seen and played the game with some of these buildings, losing them was a difficult decision to make.	(features were cut due to budget/time constraints)	none	none
Dust: An Elysian Tail	2012	cutting-features	On the subject of trimming content, Dust: AET was originally envisioned as a much larger game than it ended up being. Once I had the core mechanics down, I made the tough decision to prune my initial concept. There were actually a lot more non-combative plans, such as owning property, farming, fishing, and so on. Id spent a lot of time planning these features and, perhaps even more problematically, envisioning them naturally as parts of the game in my head. For the longest time, Dust: AET needed these disparate components tobe Dust: AET. Most of these grander concepts were pulled simply out of necessity. Its immensely hard parting with a concept -- any concept -- that you see adding value to your dream game, but the reality of being one man and really wanting to get the game done before the universe imploded weighed heavily on my mind. (...) Towards the end of 2011, Dust: AET was beginning to come together. It was impressive seeing the levels going up screen-by-screen, but a rather large problem was looming in the background this whole time: the story was nowhere near finished. In actuality, the outline Dean had laid out called for an entirely new sixth chapter -- a massive third act that took the player to brand new locations fighting against a new main antagonist and changing the entire focus of the storyline. Length-wise, this finale would have tacked on another couple hours of gameplay time, which equated to another several months of development time. In the interest of getting the game done, Dean and I resolved to cut this final section of the game and tighten up what we had, promoting General Gaius up to main antagonist and centering the game around his campaign. While this sounded great on paper, it meant a lot of late night, multi-hour conversations with Dean where we hashed out numerous alternate story possibilities. (...) When youre on a team, cutting content is a fact of life. When youre one guy, every single asset you create is important. The area had already been laid onto the world map, the music had already been written, and Dean had spent years envisioning the ending in his head. Then I came in and politely (sort of) threw that out the window.	(features were cut due to budget/time constraints)	none	none
Thief: The Dark Project	1999	budget	Midway through 1997, Thief was just starting to gather momentum. We were fully staffed and the stealth design was really starting to get fleshed out. Unfortunately, Looking Glasss financial situation was bleak.Few emotions can compare to the stress of heading to work not knowing who might be laid off, including yourself, or whether the doors would be locked when you got there. The company shed half of its staff in a span of six months, and while the active teams tried to stay focused, it was hard when one day the plants were gone, another day the coffee machine, then the water cooler.	(game creators did not have enough money)	Shoeless Children	Laplante and Neill
Legacy Online	2003	budget	As noted at the beginning this article, Legacy Online is was made possible thanks to Canadas Pilot Visa Project for foreign IT workers. This enabled the team to set up shop in Ottawa. Ottawa is not a hub for game developers in Canada, so that presented some unique challenges (Even today, fellow Canadians are shocked to hear that we are located in Ottawa -- Ottawa is synonymous with telecommunications, not game development). However, once we relocated to Canada, the team faced the challenge every start-up deals with: big dreams but not much money. It hasnt been easy bringing Legacy to the point it is now. We needed to assign some of the team members to outside consulting work in order to generate revenue. At times, some key developers of Star Peace had to be deployed for long periods of time in these side jobs, because it was particularly suitable to their skills.	(game creators did not have enough money)	Shoeless Children	Laplante and Neill
Trine	2010	budget	The budget finally ended up at around 800,000 euros at gold master time. Support, patches and other post-release activities have added their own share. As our contract with the publisher was more akin to a distribution one than a full-blown publishing contract, our increased ambition was not in any way reflected in the milestone payments we had agreed upon, and ultimately we ended up funding two-thirds of the project on our own.	(game creators did not have enough money)	Shoeless Children	Laplante and Neill
Dead State	2014	budget	Almost everything in game development comes down to money. Money buys additional team members or experienced team members, which in turn shaves time off the production and potentially helps create a better game. While we did well on Kickstarter and budgeted accordingly, it was only enough money to keep the team on the small side. (...) We planned the game around the Kickstarter budget, without making the mistake of counting on Early Access to prop us up if we got into trouble. If we had a budget closer to some of the other bigger RPGs released in 2014, it would have allowed us to hire on a few more seniors earlier in the process, and allowed for B-teams to help build out, test, and polish the game. While we were able to achieve an impressive scope for the project, we definitely had to work with the base of what we could afford. Most reviewers called us out on the lack of activity in the Shelter or the turn-based combat not being interesting enough, and while we would have liked to have done more with them, we simply did not have the budget to make those features happen.	(game creators did not have enough money)	Shoeless Children	Laplante and Neill
PONCHO	2017	budget	I was thousands in the hole, and I had spent all my money on it without having a job. (Looking back on it, I was an idiot, but in a way I’m glad I did it). £22.5k was the goal we landed on for the Kickstarter. We figured it was the minimum we needed to finish off the game, I was fine with surviving instead of living for awhile to see it through. £22.5k between 3 people over 6 months is less than minimum wage, but we were prepared to do it. Only PONCHO mattered. (...) We launched the Kickstarter on the 2nd of September, 2014. (...) To go from 15% in one day to only get 2% on the next was worrying. And it continued. By the time the end of the kickstarter was drawing near, we were only at about 25% of our goal. (...) Well, I’m sure you can guess, but the Kickstarter failed. In the end we only got to 38% of our goal. This, was the turning point from optimistic game development, into a terrible, sinking, depressive state for all of us. We had no money. I was literally down to under £100 after EGX, we were banking everything on the publicity of the expo making the kickstarter a success. It did give a bit of a boost, but it wasn’t enough. (...) I took out more loans just to survive and finish the steam version of the game, as we were not able to attempt to try and secure funding elsewhere. (...) Forgetting the political and celebrity deaths aspects of 2016, it has been one of the saddest years of our lives. All that time. All that money. All that sacrifice. Nothing in return but huge debts. Money was never important to us, but we hoped to at least have enough to spend on another game full time.	(game creators did not have enough money)	Shoeless Children	Laplante and Neill
RocketBowl	2004	budget	Large Animal does not have deep pockets; in order to build our original titles, weve had to stash away the profits made from building web games for clients on a work-for-hire basis. As a result, it was nearly impossible for us to give the amount of sustained focus to RocketBowl that the game really needed. Our efforts were deeply fragmented, as most of the team would need to go off and build a game for LEGO or Cartoon Network to pay the bills. Despite what the number at the end of this article would suggest, we never had a real budget for RocketBowl since, officially speaking, we couldnt actually afford to make the game at all. We simply didnt have the money to bring in additional programmers, modelers, or other specialists.	(game creators did not have enough money)	Shoeless Children	Laplante and Neill
PONCHO	2017	team	I had been a programmer for years. I thought I knew what it was to be tired after working weeks of crunch at studios. But I had never been so tired as I was at EGX. (...) After the first day, our legs felt like blocks of numbed wood, our throats was sore as hell, and it was also the day I took up smoking. (...) I started to smoke cannabis in order to just kinda cope with things. But, after months of pain, stress and general depression, we hit a release date. PONCHO was released on PS4 and STEAM on November 3rd 2015. After seeing the sales, we celebrated the release by writing out our CVs to start looking for a day job. It wasn’t nearly as much as we were expecting, even by a pessimistic standard. It was truly awful. (...) We pretty much stopped writing updates and social media posts, it was too depressing to think about. I had trouble holding jobs after going through a series of mental breakdowns.	(game creators did not have enough money)	Shoeless Children	Laplante and Neill
Super Meat Boy	2011	team	Its hard to say our personal expenses were something that really went wrong, due to the fact that it was a HUGE motivator to getting the game done, but it was definitely an issue as we moved into the last few months of development. There was one point where I had emergency gallbladder surgery that put me in the hole $50,000 due to the fact that I couldnt afford health insurance. (...) I think both of us were trying to keep from the other just how bad things were getting to avoid stressing the other out any more then we already were.	(game creators did not have enough money)	Shoeless Children	Laplante and Neill
Dark Age of Camelot	2002	budget	In a great "Why didnt they tell us about this in college?" situation, we went into the final months of the project with no credit rating. Mythic Entertainment has been around for a long time, but we simply hadnt ever borrowed any money, and so we didnt have a credit history. This turned out to be a problem when we went out to lease our servers from Dell and were flatly denied. We pointed out that we had plenty of money in the bank, but to no avail. Dell simply wouldnt lease us the computers until we had a credit history. In the end, we were forced to purchase the servers outright from Dell, which obviously had a much greater impact on our bottom line.	(game creators did not have enough money)	Shoeless Children	Laplante and Neill
Out There	2015	team	Early 2013: Michael is busy uncluttering some of the more abstract aspects of the game and making a little cash by doing side gigs (...)	(game creators did not have enough money)	Shoeless Children	Laplante and Neill
PONCHO	2017	cutting-features	It’s a been a long, almost 5 year journey that has changed us forever. Now, a year after the initial release, it’s time to spill the beans on everything we’ve been through. Before we do that, first we must say with a heavy heart that we’ve been forced to give up on the Vita port of the game. Things out of our control are stopping us from actually sending it to Playstation, and we have no choice but to cease development of it. Unfortunately, we can’t give any hard reasons for the cancellation without incurring some kind of legal penalty. (...) Originally, there were going to be about 3 times as many story scenes as there are currently. Unfortunately they had to be cut due to lack of funding. (...) Due to these events, we had no money, I lost my home, we lost our sony dev kits, I was thousands in debt and we had to cut a great deal of the designed content from PONCHO, including key characters and story elements in order to release something at least. And no one would help us. In a sense, what we released was not the full game, especially the PS4 version which was taken away and finished by another company. We were never even able to test the PS4 version before it was released either, later finding out changes had been made that we didn’t want and it was full of bugs. We even had to cut the reward for collecting all of the junkyard king’s minions, which was gonna give the player a bonus end credits scene. (...) A year after the initial release, we released the Wii U version which had similar result as the first one. We’ve since developed patches for the Wii U and PS4 versions while working new day jobs, but we have been prevented from actually handing them over to the platforms.	(game creators did not have enough money)	Shoeless Children	Laplante and Neill
Schizoid	2008	budget	Well into development, we received two offers from publishers for the right to publish Schizoid -- no strings attached. We'd get to keep the IP and everything. We knew that if we took the money, we'd probably never sell enough to see a single royalty check (as with 95% of publisher-developer deals), and we'd probably -- looking at median sales on Xbox Live Arcade -- make more in the long run if we didn't take it. But we're a startup! We should have just taken the money and started to share the risk -- we had lived off our savings for long enough.	(game creators did not have enough money)	Shoeless Children	Laplante and Neill
Shadow Tactics: Blades of the Shogun	2017	planning	Mimimi was always a kind of safe haven, never having to let anyone go due to insufficient funds, always having at least a budget worth three months on our account. This was the first time we had been really unstable, and we knew it months before. Adjusting the workload without increasing the budget from a safe source was a risky and ultimately bad decision, because the toll this whole mess took on us was much higher than anticipated. I consider it a personal failure in not securing the potential follow-up projects with specific deal terms and signatures. This is something I normally always do, but for personal reasons and by trusting people I didn’t do at the time.	(game creators did not have enough money)	Shoeless Children	Laplante and Neill
Super Meat Boy	2011	budget	We had no real money at all, and even all the comics we had printed for GDC and PAX were attained through a barter system where my wife would make plush toys to sell in the Newgrounds store in exchange for the cost of printing. Our situation was quite dire at several key points of development, but Ive been on the poverty line for the past 10 years, so going without wasnt much of an issue, and honestly, we had much bigger issues to worry about anyway.	(game creators did not have enough money)	Shoeless Children	Laplante and Neill
Sins of a Solar Empire	2008	planning	Most of the "what went wrong" with Sins of a Solar Empire are tied to budget and time. Could Sins have gotten higher scores if it had waited another six months and incorporated a single player campaign, stronger AI and more content? Probably. Would it have sold better? A release date of August 2008 would have put it 30 days out from the release of Spore as well as other major titles.	(game creators did not have enough money)	Shoeless Children	Laplante and Neill
NyxQuest Kindred Spirits	2010	budget	After creating the company we spent the first four months looking for financial support. We tried everything: bank credit, loans, venture capital, and rich family members (we had none!) After this time we realized it was a very hard task to find the funding required for the 12 months project we had in mind. We decided to partner and fund the game with our own money. In the end this has worked very well, because we managed to do a good looking game in the time we had, and with scarce resources. But it was a very tight development cycle; we barely made it with the money we had saved. Lesson learned: for a startup its very hard to find money. Investors want to be sure they are not wasting their money, and new businesses are full of risks for them. Finding good partners that are willing to share the same vision and share costs is a good option for startups.	(game creators did not have enough money)	Shoeless Children	Laplante and Neill
RoboBlitz	2006	budget	Cash flow, cash flow, cash gone! This is not a recommended scenario for any game developer, or any business for that matter. Unfortunately, this is what happened to us. The game was delayed by multiple months due to all the production and technical hiccups mentioned above. Because we weren’t willing to put out an inferior product, we just kept going until we were satisfied with the quality. This, of course, led to an empty bank account and an over-stressed management. Fortunately, we were able to borrow some money from our family members and close friends. Even so, calling up your ex-girlfriends for $20K is not something you’d want to go through, unless your skin is as thick as ours. To avoid or at least minimize such a scenario, the rule is to always raise more money than you think you need. Trust us, you’ll need it, and more. We raised several hundred thousand dollars to fund RoboBlitz, which even included a significant buffer (or so we thought), but we still ended up needing more to take the game to completion.	(game creators did not have enough money)	Shoeless Children	Laplante and Neill
Fallout Tactics	2001	team	At this point, we had already invested in extra artists to try to meet the original deadline, so not only was our burn rate higher than we had planned, but it went on for longer. At the beginning of the project, the QA team and many of the 3D artists recruited for the project had been advised that there was no guarantee of ongoing employment after the game shipped. We tried to keep everyone employed, but ultimately we were left with a situation where we had no choice but to let half the art team and the QA team go upon completion of the game. We finally delivered the game in the first quarter of 2001, but even with the extra four months, it was a close thing. The game did come together incredibly fast in the last few weeks, but it was very tense for everyone concerned.	(game creators did not have enough money)	Shoeless Children	Laplante and Neill
Fallout Tactics	2001	delays	Our original art estimates were based on Interlay providing the model data for most of the in-game graphics, such as all the characters and creatures that had been created in the original Fallout 1 and 2. Once the project was started, Interplay informed us that it was not possible to retrieve the art from the tape backups they had. This meant that our original art schedule was blown away and we needed many more artists. We negotiated for more time and cash, but only received more money and no additional time. Fortunately, through our relationship with the Academy, we were able to hire six more artists quickly who were able to come right up to speed. Thanks to our illustrator Tariq, we were able to re-create from scratch all the creatures from the original series and the overall Fallout look. We tried to stick to the original schedule, but it became obvious that we could not possibly deliver in October. Interplay agreed to extended our deadline to February 2001.	(game creators did not have enough money)	Shoeless Children	Laplante and Neill
Shadow Tactics: Blades of the Shogun	2017	budget	While the “all in”-success-story probably sounded romantic in some way, it was an absolutely awful experience. And we had predicted it: by adding four more months to the project, the game became much better, but all our savings were gone. When we realized that our backup plans for new projects didn’t work out as planned, we knew we were screwed. Because we exclusively focused on Shadow Tactics, we didn’t invest in any new pitches and had nearly nothing to offer to new partners. On top of that, they understandably waited for the release and the first weeks of SteamSpy data before they wanted to sign a project. (...) Although many fans are asking us for additional content and we’d love to deliver it, we simply can’t. It’s incredibly expensive to do so. The game features 13 different languages and completely spoken English and Japanese dialogue. We would have to translate the DLC to all of them and invest heavily to get back the original cast for the voice over recordings. Bug testing and running full QA would be another huge investment (this genre is a beast to test, due to the sandboxy structure of all the levels). Although Shadow Tactics is generating revenue, it can be questioned if we could ever recoup the investments.	(game creators did not have enough money)	Shoeless Children	Laplante and Neill
Jetpack High	2014	budget	Research funding is impossible if you are not a company. Im sole proprietorship and in this case the doors are locked and publishers are more cautious. To finance the production I also wanted a publisher early.In March 2012, when a prototype is beginning to be playable, I approach publishers of mobile games. I first searched on the playstore the industry leader and I contacted publishers.I could also find lists on different websites. Most wanted a completely finished product before deciding and do not want to invest in this concep.t	(game creators did not have enough money)	Shoeless Children	Laplante and Neill
Ashes of the Singularity	2015	budget	What I wouldn’t have given to have had more artists. Or, you know, artists. Oxide employs a total of 2 of them. We were able to work with some of the best artists in the industry who gave us absolutely amazing concept art, but we often lacked the manpower to make full use of it for 1.0 due to budget. When Windows 10 shipped with DirectX 12, we knew the game was going to be a winner. Unfortunately, we were so far into the project that a much bigger budget wouldn’t help much. The game was designed around our initial budget.	(game creators did not have enough money)	Shoeless Children	Laplante and Neill
A Kingdom for Keflings	2009	budget	Our pockets are not deep. We had only the money we had saved up and additional cash borrowed from friends to make this game. Budget pressure meant cutting a few corners here and there, not fixing a lot of things we would loved to have fixed at the end, and cutting features we would loved to have added, like local multiplayer. On top of this, we need to keep everyone at the company gainfully employed, so as team members came off other projects we had them help out with this one even when the timing was wrong. Designers were working on particle effects before the game-specific technology really let them see what the results would look like. Artists were doing production work when the leads werent available to work with them on direction. All of this meant less efficiency and more pressure on the pocketbook. We went over budget and way over schedule, risking damage to the company. As a consequence of playtesting and an evolving design, we felt there were certain features that had to be included, and felt it was critical to scrape up the resources necessary and delay release to get them in. We dont regret this decision, but we certainly will consider these lessons when planning future budgets.	(game creators did not have enough money)	Shoeless Children	Laplante and Neill
Sunless Sea	2015	cutting-features	So we had a Serious Team Meeting. We noted that we’d added a Unity dev with AI and animation skills to the team; that even the hardcore Fallen London players didn’t love original combat; that we needed a fundamental change. We threw out the original mechanic completely, and took the extra dev time to make it as good as we could afford	(game/level design was neglected: required changes on the fly during development)	Cover your Assets	Brown et al.
Red Skies	2016	planning	We didn’t spend a lot of time thinking about our audience, and I believe it’s one of the core aspects of mobile development. 	(game/level design was neglected)	Cover your Assets	Brown et al.
Soldier of Fortune	2000	feature-creep	The single most damaging problem during SoFs early development was that the original game lacked a truly focused design. We knew what the fundamentals of the game would be, but we did not have the specifics that we needed to create a solid, cohesive product. The games overall story changed five times before it was finalized - at one point we had even changed the basic game concept to a team-based tactical shooter, similar to Rainbow Six.	(game/level design was neglected)	Cover your Assets	Brown et al.
SpellCraft School of Magic	2012	scope	Pet meat is stringy if you dont cook it right, and the same could be said of our SpellCraft pets. We knew we wanted pets in the game; we knew what they should do; we spent a lot of money designing and animating the pets; but we didnt bring it all together in the form of a fully cooked feature for the games release. The pieces are all there -- you find pets in the dungeon, feed them and play with them, and they increase your characters defenses -- but theres really no way to understand this from the way pets are presented in the game. Were fixing this in an update, but considering the time and effort required to even under-deliver on pets, we would have been better off introducing those features later and applying that effort to a more polished 1.0 version of the game (and the same could be said of our multiplayer dueling feature). Weve made iOS games for three years, but we do still sometimes misjudge the scope of our projects, and pets definitely fell into this category. At the same time, our players have responded to pets with affection well out of proportion to our implementation of the feature -- pets are fun, and polished, theyre just not as fully-featured as we would like, and players are confused about how to use them. We are definitely on to something here, and we wouldnt have such a firm idea of where we need to take the game if he hadnt included pets -- in however imperfect a form -- in our first release.	(game/level design was neglected)	Cover your Assets	Brown et al.
Stellaris	2016	cutting-features	We (or at least I) underestimated many of the mechanics that we thought would be fairly simple to nail. This mired us in design iterations too late in the development cycle. Although the game turned out great in the end, some of the more advanced design concepts suffered for it. Things like Federations, Alliances and Uplift - although functional on release - should have received more love.	(game/level design was neglected)	Cover your Assets	Brown et al.
Stellaris	2016	planning	When we started out the development the general feeling was that we were quite certain of what game we were trying to make. After a while it however became pressingly clear that we were not certain on how the game should be played out, or how it should feel	(game/level design was neglected)	Cover your Assets	Brown et al.
Stellaris	2016	scope	Now, iteration and revision is an expected part of the process, but these challenges were a lot tougher than I had thought, and it’s only due to the dogged efforts of designers like Joakim Andreasson and Daniel Moregård that we pulled through.	(game/level design was neglected)	Cover your Assets	Brown et al.
The Suffering	2004	communication	 we shifted away from the console-style, target-lock-based shooting of DMC to the aiming-based shooting of PC first person shooters. Without a doubt this was the right decision to make. Unfortunately, though I was never a big fan of emulating DMC, we went down that road for the first third of the project and invested a significant amount of time in game mechanics that we threw out. If we had more carefully analyzed what type of game we were making from the start we could have saved six man-months of work. Also, when we finally decided to make the switch, the change was not properly communicated to the whole team, and people frequently asked me, But I thought we were trying to be like DMC? In a collaborative large-scale project, having a design vision is useless unless it is clearly communicated to the entire team.	(game/level design was neglected)	Cover your Assets	Brown et al.
TRON 2.0	2003	planning	 It wasnt until very late in the schedule that the team was able to experience a full, playable level. Fortunately, the gameplay came together nicely and in some cases exceeded our expectations, but it would have been a disastrous situation had it not. Why it took so long for the game to hit its stride may again be attributed to our underutilized preproduction period.	(game/level design was neglected)	Cover your Assets	Brown et al.
Whacked	2002	delays	The scheduling of resources was an endless cause of problems. Even ignoring the loss of two conceptual artists, a fundamental problem existed in the scheduling of resource delivery. The design department was always given permission to slip well beyond their internal deliverables because we had an its done when its done attitude for design -- You cannot force good ideas.For instance, we needed eight characters for Whacked and in order to help design direction we chose to use the seven deadly sins as the foundation for the characters, with the eighth being pure evil. For the sins that obviously worked into a computer game such as lust and wrath, the ideas flowed freely and we quickly found our favorites. However, after months of character design we were pretty stuck on pride and most of all envy. How do you create a likable character whose primary characteristic is that he wants to be someone else? I understand the difficulties of this especially since we were trying to create a group of licensable characters. (We had dreams of Whacked Kart and Toofs Big Day.) However, its done when its done is a luxury that we really could not afford.	(game/level design was neglected)	Cover your Assets	Brown et al.
Wik & The Fable Of Souls	2005	feature-creep	A crucial element to the successful completion of levels in this product is learning how to make Wik swing effectively. To swing is king, if you do it right Wik will sing. During development, effective tongue latch swinging was something that most of the people working on the project picked up naturally, but there were a couple of people in the office who had difficulty getting a good swing action going, and then timing its release so that Wik would fly off in the direction they had intended. During focus group testing, we also noticed several people were having difficulty. We set about solving this swinging difficulty, and other issues people were having by developing an in-game tutorial system. During the first several levels in the game, we made message boxes and arrows appear which would point out locations to latch Wiks tongue to, or grab something, and describe how to manipulate the mouse to complete a very specific goal. This was done in a linear fashion, with every event pre-scripted. During subsequent focus group testing, we found that people who initially had difficulty could complete these tutorial sections, but when left to their own devices in the remainder of the game they often fell back on old habits, apparently forgetting what they had learned in the tutorial. We also noticed that those people who had previously quickly become intermediate players were now frustrated and bored by the tutorial levels	(game/level design was neglected)	Cover your Assets	Brown et al.
Command and Conquer: Tiberian Sun	2000	planning	One of the things that we did not do was explore all of the new features to their logical conclusions. This would have allowed us to do a lot more with a smaller feature set and provide an even better game. A perfect example of a feature that was begging to be used more is the dynamic-battlefield concept. The basic idea behind the dynamic-battlefield concept is that players’ actions alter the battlefield. For example, a player could set fire to trees to burn a path into an enemy’s base. We wound up cutting this particular feature because it caused path-finding problems. Also, battles with heavy weapons would cause cratering of terrain which hindered unit movement.	(game/level design was neglected)	Cover your Assets	Brown et al.
Draconus	2000	planning	Another example of poor planning was that magic was an afterthought. We always knew we would have spells in the game, special abilities with nice special effects that your character would acquire as the game progressed, but they were left until late in development because there were always more pressing issues. Of course, once we did implement spells, they unbalanced the play of the game horrendously, and much more unplanned work was needed to make magic function reasonably. Aspects that are fundamental to playability need to be prototyped early, even if the pretty special effects arent ready yet, so that the play balance can be measured and tested.	(game/level design was neglected)	Cover your Assets	Brown et al.
Galactic Civilizations 2: Dread Lords	2006	cutting-features	Features were altered and cut. And code thoroughly debugged. But we werent ready. We thought we were. But we werent. The game wasnt buggy. But we had no idea of how finicky different computers are with 3D games. We had no idea.	(hardware issues: 3D game presented issues in different video cards/devices)	none	none
SCSIcide	2003	cutting-features	Because SCSIcide is a fast-paced, intense game, quickly identifying the proper color bit to read is extremely important. Knowing right from the beginning of development that colors were an integral part of the game, I picked a visually simple color scheme and 10 unique and nonsimilar colors. I ended up with a brown background and data bits with bright colors throughout the spectrum. Gamers await the SCSIcide release at Classic Gaming Expo 2001. Sometimes the data bit colors appear very similar to each other, making it difficult to know which bit to read next. This is crucial in the later stages of the game where one false move could cause a hard drive crash, ending your game. It turns out that there are major variations in how televisions display color, so two colors that I had picked to be easily distinguishable might be displayed as similar colors. This was a design flaw in SCSIcide that was not uncovered until the final testing stages. It is really only important that the colors of the 10 data bits are easily distinguishable, not what colors actually are.	(hardware issues: game colors were picked without considering variations on different kinds of screens)	none	none
Super Monkey Ball 2	2010	cutting-features	In an effort to ensure that our game worked seamlessly on all hardware/firmware configurations, we opted not to present any 3.0 firmware exclusive features. It seemed safest to build to the 2.2.1 firmware instead, which guaranteed full compatibility across all handsets. Drawbacks to this approach included substantially reduced user interest in the multiplayer option, as Bluetooth support (only available on 3.0 firmware) was not made available as an option for connecting devices. It also reduced our ability to let consumers know when new features were available, and made it impossible to integrate a micro-transaction driven storefront. (...) Itd be great if the iPhone ecosystem featured a universally employed achievement and leaderboard system, as Xbox 360 and PlayStation 3 do. But since it doesnt, the issue of integrating these features becomes a bit complicated, particularly for major publishers. Fortunately, these are the kinds of features that are possible to activate through updates, but it would have been ideal to have launched with them day one. (...) When I perfected every stage, I wanted to see an achievement unlock! I wanted to have my skill on public record! Instead, I found myself posting a message to my Facebook contacts after I jumped out of the game. Achievements and leaderboards can significantly improve the lifespan of a game -- they keep you going well past finishing the final board.	(hardware issues: integrating with different target platforms and bluetooth hardware)	none	none
Ashes of the Singularity	2015	planning	Our hardware requirements include a 2GB GDDR 5 video card and a CPU with at least 4 cores. Those requirements cut off about half the user base. We knew this going in and it was a price we were willing to pay to make sure we could create a future-proof game. What we didn’t realize is just how rough that would be for us both in terms of Steam reviews (people buying the game with marginal hardware) and game reviews. It was striking how many game sites struggled to find a reviewer who met the system requirements to review the game. This meant that our game didn’t necessarily go out to strategy game experts but whoever could run the game.	(hardware issues: the game was not lightweight so it was limited to players with good gamer PCs)	none	none
Big Mutha Truckers	2003	team	At Eutechnyx we often hire graduates straight from university. Although they rarely have any commercial programming experience, we do this because not only are they highly qualified academically, they also dont bring baggage with them from previous development studios and havent picked up any bad habits. Although this means we can shape a new programmer to fit our needs and work patterns, it also means that they require more help and supervision during the early stages of their tenure at Eutechnyx. The start of the development of Big Mutha Truckers coincided with the start of the current generation of consoles and was also a time of company expansion, so Eutechnyx had just hired a number of people who were new to the industry. Unfortunately, at the start of the project the experienced programmers were working on the technology that would be required to power Big Mutha Truckers - as it was our first PS2/Xbox title - and the less-experienced programmers were assigned the task of implementing this technology and adding content - in other words, coding the game content itself	(inexperienced professionals: devs)	none	none
Robothorium	2019	team	Johann hired Mathieu to do Robothorium! It’s quite important because it was Mathieu’s first project. He learned a lot but still had to gain experience to make something cool. Mathieu accommodated nicely but the art and creative direction were a bit clunky from the beginning. The team had to do a complete rework of the art direction and change all sprites, for the sake of the game. It did help but we still noticed players were not interested in it that much. (...) 	(inexperienced professionals: manager)	none	none
Dungeon Siege	2002	delays	During this time, however, we werent just building a game, we were also building a company. We spent a considerable portion of our time simply learning how to be a company and learning how to make an RPG, something that we had never made before. 	(inexperienced professionals)	none	none
Okamiden	2011	planning	And while this all sounds good in theory, the schedule for Okamiden was not as such. The head of each department held their own sense of pride and responsibility for their piece of the game. Each of the department heads was striving for perfection. Be it Art, Sound, or Programming, this individual "perfection in my group" approach affected the greater whole of the project. One by one, each of these elements began to take their toll on the schedules and eventually on the latter half of the game itself. Some of the latter half of the game had to be revised and scoped differently than initial plans. Next time, we will be sure to manage our schedules better and work in harmony as collective team for the greater good of the game instead of staying overly focused on perfection in our individual departments.	(internal arguments/disagreements among the team: heads of department)	The Feud	Brown et al.
Deus Ex	2000	team	Our original team structure didnt work. Youd think after 17 years of making games and building teams to make games, Id have a clue about team structures that work and those that dont. Ha! When I started pulling the Deus Ex team together I had a core of six guys from Looking Glasss Austin office. Having tapped Chris Norden to be lead programmer, I needed to find a lead designer and a lead artist. As I started casting about for the right person for the design job, something really good, but ultimately really bad, happened -- two guys came along with enough experience to expect a leadership position. Instead of doing the sensible thing and picking one of them, even if that meant the other chose not to sign on, I got cute. I created two design teams, each with its own lead.	(internal arguments/disagreements among the team: management lead decided to create 2 design teams, which with its own lead, but this caused tension that was hard to control - more info in the PM)	Divergent Goals	Laplante and Neill
Doom	2013	communication	But in the making of what was to become Doom, Id Software severed its relationships with two of the parties that had been around since its beginning. In the initial development of Doom, a determination was made as to what direction Ids games should take. This decision resulted in founding member Tom Hall leaving Id Software. Carmack and Romero felt that Halls creativity was coming into conflict with gameplay.	(internal arguments/disagreements among the team: studio leads)	The Feud	Brown et al.
Guacamelee	2013	multiple-projects	During the development of Guacamelee! we released our second game,Tales From Space: Mutant Blobs Attack for the PlayStation Vita. The title was originally planned as a 1.5 version of About a Blob aimed at the Vitas launch, but over time became a follow-up game -- although not officially a sequel. For the first time we had multiple internal projects running simultaneously, and we encountered challenges balancing and planning the two projects with a small team. We didnt have a formal process for deciding how to balance resources. Personnel allocation was ad-hoc, based on the projects producers simply saying who was wanted for what, as needed. Over time it started to feel like there was low-key competition between the two game teams, and Guacamelee! felt like the sexier project. (...) Ultimately, this worked: the game shipped as a launch title and we were happy with the quality. However, the sudden change in priorities was not planned for and there was a heated debate about what had happened and why. Fundamentally, there was a lack of explicit communication and precise agreement on what was needed for each project. Resource allocation has since become more formalized, with more discussion about needs and consequences.	(internal arguments/disagreements among the team: task priority debates among producers)	The Feud	Brown et al.
Whacked	2002	team	As many of you already know, Presto Studios is no more. The exact details of which can be found in the December Game Developer postmortem on Presto, but obviously the closing indicates that there were internal issues. One of those issues manifested itself in the loss of two of our three creative designers half way through the project. Their loss to another San Diego company was quite painful for Presto and the Whacked team in general. The only remaining designer was the creative director of the company, Phil Saunders. Phil is an amazing designer at the top of his craft; however, the work that remained was far more than he should have been asked to produce. This put us in a difficult situation. On one hand, the design team had always been in control over the production of resources, but now the sole designer did not have time to oversee it all. We could have handed more autonomous control to the production staff but that would often go against Phils artistic vision of the game. I completely appreciate his passion because I shared it for the Sprint engine; however, in this case it caused bottlenecks at the highest level of production, which in turn would slam the bottom level at milestone deliveries.	(internal arguments/disagreements among the team)	Corncob	Brown et al.
Caseys Contraptions	2011	communication	We make the perfect two person team: we have complementary specialties, but we also have a lot of overlapping skills. We also seem to always approach things from opposite ends: aesthetics vs. usability, performance vs. gameplay, simplicity vs. interest, uniqueness vs. familiarity, or tea vs. coffee. That is actually a really good thing and the success of Caseys Contraptions was in no small part due to our combination of personalities and skills. There is, however, such a thing as too much of a good thing. We are both very stubborn and it will take a lot to convince us to see things in a different way. There were some times during development that we spent more time debating one point than actually implementing it. The fact that were working remotely didnt really affect most of our day-to-day development, but it definitely made hashing out these situations significantly harder, dragging them out for far longer than they should have. This was also the first time we were working together on a significant project, so it made resolving those situations more difficult. Now that weve gone through this first project, well hopefully be better equipped to handle similar situations in the future.	(internal arguments/disagreements among the team)	Design By Committee	Brown et al.
Cultist Simulator	2019	team	There’s lots of work when you’re the only two people on a project full-time. Working with your other half in your shared flat is also, as you might imagine, quite intense. On top of that, we committed early to getting the game out by the 31st May, which meant we sat beneath a ticking clock for the whole of development. This caused some tension between design and production, most of which resulted in a better outcome than either could have achieved on their own, but some of which caused some grumpiness between us. We wanted this constraint, because we wanted to make sure Cultist stayed small and experimental. But it did mean we had to section off a bunch of great creative ideas for post-launch consideration. (...) 	(internal arguments/disagreements among the team)	Design By Committee	Brown et al.
Galactic Civilizations 2: Dread Lords	2006	team	The entire GalCiv I development team stayed for GalCiv II. Moreover, they all are still here. Thats good. But nearly every game developer we picked up between then and now we lost. So as I write this in March 2006, the GalCiv II team is a lot like the GalCiv I team except we have one additional developer. So what happened? Each loss has its own story. In some cases, its location. Were located in Plymouth Michigan. So some internal developers had a significant drive involved. For others, it was money. Contrary to what Game Developer magazine prints, the average game developer does not make big bucks. Game developers, on average, make less than developers in other industries. This is for the simple reason that its more fun to make games than it is to write some database front end. Some game developers make a lot of money, but that is not the norm. There was also a change in culture. Stardock had grown a lot and purchased a brand-new building. Our old place was a bit of a dump but it felt like a really unique small company feel. You might be working in a closet (literally) but it was your closet. The new building is very nice but its much like any other office in some respect except with nice new furnishings. Some felt we lost a bit of that small company feel. As our staff increased, so did the difficulty of managing that many people. That meant the creation of policies and guidelines that we didnt need before. Some people resented that and eventually decided to leave. (...) Dont overspecialize developers. Because we had never had anyone leave during a project before, we were unprepared for the consequences of someone leaving mid-game. While no one left suddenly (everyone gave plenty of notice), it put us in the situation of having parts of the game engine that were not well understood by anyone.	(internal arguments/disagreements among the team)	Divergent Goals	Laplante and Neill
TimeShift	2008	delays	A total of four executive producers, two writers, and a large number of creative people worked on the game. By the time we finished, we were operating under Amendment 17 of our initial contract. An insane number of piecemeal two to four month extensions never allowed us to neither bring the game to the finish line, nor make a big enough overhaul. The game as it was in September 2006 was a mishmash of way too many creative visions.	(internal arguments/disagreements among the team)	Divergent Goals	Laplante and Neill
Guacamelee	2013	team	During the development of Guacamelee! we had particular difficulty managing some of the personalities on the team, and at different points on the project we had to dismiss two individuals. These dismissals were not related to work performance, but instead were precipitated by a breakdown in working relationships. While in the past people had left the team, we had never experienced problems like these before and the build-up was a surprising and timeconsuming disruption. When we founded the studio a loose formal structure developed. The initial company was small and had people in each discipline who could communicate comfortably and confidently with one another. Everyone owned part of the company, was invested in its success, and we were all peers, which made strict rules and policies awkward. While the initial members of the team had titles (largely for the purpose of communicating with publishers), we didnt want formal roles to dictate what people felt they could contribute to or question, and so we avoided creating new ones. During Guacamelee!, we encountered difficulty scaling this approach. Some new members of the team struggled to find their place alongside peers when working without a clear authority structure. Lacking the confidence to navigate disagreements constructively, in frustration these team members sometimes ignored decisions or emotionally disengaged from certain tasks. As a result, weve begun to put a clearer authority structure in place for the team, and weve become more aware of the need to monitor personalities and provide ways for people to make their concerns known. In other cases we failed to set clear boundaries on inappropriate behavior. For example, it came as a surprise to discover individuals working on personal projects that seemed to be affecting their work performance and that were, in our view, in conflict with their employment obligations. As a result, weve become more explicit and proactive about enforcing company policy and behavior.	(internal arguments/disagreements among the team)	Divergent Goals	Laplante and Neill
Renegade Ops	2012	communication	Basically, every time anyone says "lets make a triple-A game", every person in the room most likely has their own idea of what that means. This became a problem for Renegade Ops, as Sega, Avalanche management, and the development team all had different views on what triple-A stood for. This created divergent expectations and priorities between us, which made it difficult to compromise, since everyone had different opinions on what was most important.	(internal arguments/disagreements among the team)	The Feud	Brown et al.
Galactic Civilizations 2: Dread Lords	2006	communication	And in some cases, it was personal conflict. With some of the senior level developers who came in, my style of development was in conflict with what they wanted to do. I tended to be more conservative with how I code things. I am less interested in using the latest/greatest STL techniques than I am in having readable code that is easy to look at in a debugger. This created some clashes during development as I would get frustrated when Id find a bug in something that I found difficult to read. I personally get no joy from coding. I am only interested in making the game work. So I dont care about using some cool technique. I care about algorithms that are robust, reasonably fast, easy to modify, and will still make sense 3 years from now	(internal arguments/disagreements among the team)	The Feud	Brown et al.
System Shock 2	1999	communication	One difficulty that we encountered was educating our designers in what was expected from them in terms of game-play implementation. Most of our level builders had previously built Quake or Unreal levels and were not familiar with the style of game play that we were trying to build in System Shock 2. Partially this was because we were simply exploring a style of game play that we did not entirely understand ourselves. But it reflected a failure on our part to properly educate the designers. Building prototypical spaces, looking at past games and conducting more intensive discussions about game play will all be part of our future projects. (...) 	(knowledge transfer issues: consolidated game devs had trouble passing on their knowledge)	none	none
Trine	2010	communication	The submission process was shrouded in mystery as all the communication with SCEE was handled by the publisher. Throughout the development, our relationship with the publisher had been difficult, and the submission process probably suffered from this as well. Relevant information sometimes got lost along the way, despite (or because of) everyone on both sides working hard to get the game out. Not only were we making our first console title, the publisher too was doing their first PSN title and the doubled inexperience really took its toll on the game. In addition to simple game-related bugs that needed fixing, a number of issues could have been solved by better understanding of the complex TRC document -- in other words, more experience. (...) Its also worth noting that to this day, many gamers still think the last level of the game is too hard, because their own experience does not reflect the game in the post-patches stage. Some in fact think we made it harder, because we added a few skeletons into the mix to spice it up, and this is easier to notice than the adjusted speed of the lava. This kind of inaccurate word of mouth does not change easily, and further emphasizes how important it is to get things right before launch.	(lack of external communication: dev, publisher and players)	none	none
Dark Age of Camelot	2002	communication	As good as our communication with Camelots fan base was during the games design and beta periods, it began to suffer soon after the games release. The community simply grew too large to communicate with in the manner we had during beta, when we simply went out to Internet message boards and posted our thoughts and plans. With the game live, it was obvious we needed a much more coherent way to communicate with our fans, one that would not send them to numerous different fan sites to sift through literally thousands of messages. This situation grew into a big problem when players became extremely frustrated by what they perceived as a lack of communication from us. About six weeks after release, we realized that we needed to create our own web site to publish information about the game: release notes, plan files, server status, Realm War status, and many other little things that we knew but our players didnt. This web site, dubbed "Camelot Herald", launched the following week and so far has been a great success. Fans of the game can now go to one web site to get all the information about the game in one place and with no interference.	(lack of external communication: difficulties communicating with the fan community in a time before social networks)	none	none
Top Gun	2009	communication	The problem arose when those players saw Top Gun and assumed it was a free-roaming game, only to buy it and find themselves disappointed that it wasnt. And they were right to be disappointed -- when your most visible tools for marketing yourself on the App Store are your title, icon, and first screenshot, it was tough to convey that to people. A few in-depth reviews on blogs like TouchArcade that explained to people that yes, the game is on rails, and no, thats not a bad thing, helped mitigate the confusion somewhat, but obviously you cant reach everyone. The best solution in retrospect for this is tricky -- perhaps releasing more footage, or even a lite version. A trailer or even one level for free could have shown people that the game is not free-roaming, and if you really didnt want it if it wasnt, well, we could have saved you a few bucks. And with more footage or a free version, these people could have seen that it is still very fun anyway, and at least could have bought it when it was an informed decision. (...) Because we were short on time, and because making the levels was the "fun" part, the level design was split up to myself and two other guys. While this allowed the levels to be completed much faster, it resulted in a less consistent level progression. There are three noticeably different styles of levels present in the game. These styles include level difficulty, cutscenes, and even the personalities of the characters expressed through mid-flight banter.	(lack of external communication: players had their expectations frustrated because devs did not communicate their game proposal well before release)	none	none
Guns of Icarus Alliance	2017	communication	The problem was expectations. While Guns of Icarus Alliance actually delivered more than was promised based on the achieved Kickstarter stretch goals, some people definitely felt we under delivered. The negative feelings springing from this confusion and belief they had been let down were carried forward into the development process and through to release. We tried our best to make peace with the people who were disappointed, offering refunds and extra rewards, and tried to be as diligent as possible in responding to their messages. I think the primary lessons to take from this are twofold. First, establish tight, clear communication of your project’s scope and vision. Second, consider bootstrapping more in the earlier stages of development and try to run any Kickstarter campaign only after a solid design has been finalized. Some backers form a very fixed idea of what they are backing and will refuse to allow any slack or flexibility during the development process for the developer to adjust the project.	(lack of external communication: running a Kickstarter too early, before presenting the project clearly with the public)	none	none
Leaving Lyndow	2017	scope	I dont think this was so much a mistake we could have corrected, but rather an inevitable consequence of doing something as bizarre as we did. Leaving Lyndow is a short game that looks similar to Eastshade at first glance, is set in the same world, is only 45 minutes long, yet its totally self-enclosed, is not a demo, costs money, and has nothing to do with Eastshade mechanically. From a branding perspective, does it get more confusing than that? We knew this would confuse people, so we went through great lengths to make things clear in every press release	(lack of external communication: studio was doing a new game that was very similar to a previous one, so they had to do some extra effort to explain the differences to the customers)	none	none
Lords of the Fallen	2015	communication	At the beginning of the project, both publisher and developer sides did not feel that it was very important to approach things too formally, and therefore there were (in some areas) no clear hierarchies or responsibilities in place. (...) Throughout large portions of the development time, we were not really good at communicating. While we were not so bad talking internally (well, there still were issues but we had them under control), we were really miserable communicators when it came to publisher discussions. As there wasnt one person channeling all requests and feedback, there were times when it actually felt as if everyone was talking to everyone, without clear rules or structures, resulting in a lot of negative vibrations, confusion, and anger. Basically we had not thought about establishing guidelines for communication, and things only got better when we did so.	(lack of external communication: studio/publisher)	none	none
Amnesia: A Machine for Pigs	2014	communication	There was a level of naivety on both sides of the collaboration between TCR and FG, as neither company had worked in such a collaborative scenario previously. While the creative freedom provided was welcomed, the hands-off approach taken by FG may also have caused some of the apparent misunderstandings and contradictory feedback that TCR received on deliverables. Many areas of the game were reworked two, three, or even more times based on different and often conflicting feedback on deliverables. Some of these reworked areas are much stronger because of this back and forth between TCR and FG, however in some situations it is evident that TCR should have been firmer when defending their initial design decisions.	(lack of external communication: studio/publisher)	none	none
Meganoid	2017	communication	Some comments and replies I got thrown at me were along the line of "a quick money grab". My bad on writing the article and not being clear about things, so heres to rectifying it: The game was made in "just 2 months; and 13 years of experience". (...) The possible down-side of this is that a lot of people dont seem to be clear of understanding what "Early access" means on Google Play, so there was a lot more buying going on than I had planned for, and that means I was pushing updates daily to work out some "obviouslybeta" features. Early-access users cant leave reviews during that phase, so that might have been a positive thing, the down-side of that is that many people forget to leave a review once the game was released.. so not as many reviews as I normally have during the launch period. Not sure if I would do that again on Android, but its been an interesting experiment.	(lack of external communication: users thought that early access game was actually the full version and criticized it)	none	none
Pixeljunk 4am	2013	communication	There was a degree of miscommunication surrounding the beta for4am. We were the first beta to have two packages (a Free Viewer and a Full Version), which made it tricky before wed even started. Of course, both were critical for testing purposes, but the main problem was people mistaking the Free Viewer as a demo and expecting gameplay. In the context of the full title, the Free Viewer is great and has had a huge uptake, but in a climate where betas are free anyway, that value was lost and people expected playable content. (...) I feel that some people may have been burned on their first impression through the beta. The official beta announcement was a combined effort with our publisher Sony and our own official channels, but ultimately we should have taken more ownership of the message and ensured that word got out about how the beta was going to work (by baking an informative screen right into the package, for example). (...) Overall, the beta was successful in satisfying our development requirements, but from a marketing perspective, I feel there may be a few players out there who might never give 4am a second chance.	(lack of external communication: users thought that early access game was actually the full version and criticized it)	none	none
Sins of a Solar Empire: Rebellion	2012	communication	Any project coordination work between two separate studios will have related challenges at some point. Luckily, our relationship with Ironclad has been, and continues to be, fantastic on both a personal and professional level (we love you guys <3). However, the ease of this relationship allowed us to be lax in our communication. Coordinating approval of game mechanic designs, UI visuals, and other art assets by email was a slow process. These "done pending approval" elements of the game multiplied the uncertainty that goes with most production estimates. For example, instead of knowing our UI artist would be free to move onto another studio project with approximately a two-week margin of error, we always had to add the caveat of "if we dont have any surprises in the feedback". Something as simple as a scheduled weekly call could have eliminated the occasional blocking issue and identified problem areas in development more quickly. The lesson for us was, treat external team members like internal ones and schedule regular meetings, even if they are just a brief touchpoint, to make sure everyone is on track.	(lack of internal communication: 2 development studios working together)	none	none
Tropico	2001	communication	As I mentioned, one of the effects of essentially bypassing the design phase of this project was that there was a lack of consistent vision among team members. One of the places that this became most apparent was in the game art. Almost all of the artists at one time or another during the project worked on creating buildings for the game. They were given only a vague notion of what type of building they were to create - a paper sketch or a very crude 3D mockup - and left on their own to move forward from there. Halfway through the project, the problems with this became apparent. Scale varied wildly from artist to artist, as did level of detail. The same problems were occurring with the character animations, as the two artists working on those had taken different approaches. One artist was striving toward very lifelike figures with complex animations, while the other created more cartoonish parodies of Tropicos inhabitants with more outlandish but less complex animations. Both artists had a clear idea of what they were trying to do, and both accomplished their respective goals brilliantly, but the difference in their approaches can still be seen in the release version of the game if you compare, for example, the banker to the female luxury tourist.	(lack of internal communication: designers and artists in the same team)	none	none
Tomb Raider: Underworld	2009	communication	One of the earliest engineering tasks involved refactoring the player code to make it more robust and more able to accept new functionality. This effort was important to be able to efficiently expand our feature set, but it wasnt understood at the time that this refactoring meant taking apart the engine and putting it back together in such a way that it became unplayable for the duration. The design team had been anticipating a comfortable period of working on layouts, experimenting with interactions, creating more evolved setups, and otherwise engaging in exploratory and iterative design that wasnt possible on Tomb Raider: Legend. But our preproduction hopes disappeared as much of the player functionality went offline. The usual delays and schedule slips prolonged this dark period, during which the engine parts were scattered across the lawn. The problem was compounded when we had to move into production and deeper into Alpha without many core player functions working. This had a big chilling effect on early design and layout efforts, and the effects of this lasted all the way to the final product. Fundamentally this was an issue of miscommunication, which is a traditional gremlin lurking on every project. We fought this gremlin from the start, and given the size of our production did a fair job of it, but this particular mishap was unique in how irreversible it was. Improving communication is about better information trafficking up front, but just as importantly, quickly addressing miscommunication when it arises, so we dont consider this one of those traditional mistakes that we repeated.	(lack of internal communication: designers and devs)	none	none
Galactic Civilizations	2003	communication	We planned to contract out the user manual to a third party, but we never seemed to get off the ground with that project. I had written an outline of the manual some months before the game was to be released. In early December, Strategy First informed us that the manual needed to be finished within two weeks. At the time, the release date was scheduled for the end of February, so I hadnt expected such an early date on the manual. I figured either a contractor or I would write it during December and January. So instead of having two months to really flesh it out, it was written in two weeks. As a result, its far less detailed than I would have liked. When the game was delayed until March, I was surprised to discover that the manual, as late as early February, had not yet gone to manufacturing. This was just a series of miscommunications between us and our publisher. Our publisher didnt realize that we wanted more time to work on the manual. The manual provides a decent overview of the game, but I wanted to put in more details about how economics, influence, morale, and industry factor into the game so that users could see the relationship between them.	(lack of internal communication: dev studio wanted more time to create the manual, but they thought the publisher was inflexible with the deadline, which was not the case. This resulted in the manual being rushed and ended up with poor quality)	none	none
The Banner Saga 2	2016	communication	When you are multitasking, it is very likely that the neglected or down-priority tasks are blocking other people from getting their work done effectively or on time. As with most games, each of the elements and systems depend on most of the others, inevitably creating circular dependencies and feedback loops. (...) Our team works completely remotely. Not a single member is in the same room with another. On top of that, we are spread out across the entire globe, from Australia, every time zone of North America, Europe, and reaching all the way to Russia. Despite our best efforts at creating a routine and maintaining constant communication, it often breaks down. The biggest problem with remoting is not being sure exactly when someone will get back to you with answers to questions or other requirements. Without diligent status updating, its impossible to tell if someone is at their desk or not. Wed like to come up with a way to more closely replicate the feeling of being in a physical studio together, without doing something invasive like leaving the video chat room up at all times.	(lack of internal communication: the dev team was spread across timezones and that made communication difficult)	none	none
Splinter Cell	2003	communication	We wouldnt have completely this project on time without the help from other Ubi Soft studios. But the teams diverse composition made working together difficult. Many problems that we encountered stemmed from cultural differences. The most obvious barrier was language. Three different languages we spoken by our team: Chinese, French and Italian. We had to use English as the working language, but not everybody was fluent in the language, and some people didnt even speak it at all. The first time it became an issue was during staff training. Since all the technical documents were in English and the technical director for the graphics team spoke only Chinese and English, it was very difficult to train developers who didnt speak Englis	(lack of internal communication: the team could not communicate well, since there were both Chinese and American team members, and they did not speak or read each other languages very well)	none	none
Conduit 2	2011	scope	One of the biggest criticisms of the first game was the single-player campaign felt dry and uninspired. It was considered too short, lacking a cohesive narrative or major dramatic moments, and didnt have any memorable boss battles. We did not want to repeat those same issues and while Conduit 2s campaign delivers on the elements that were lacking from The Conduit, it was a long and difficult battle to get there. To address the problems from the first game, we hired an external writer to focus on crafting an epic storyline. We brought him into the studio and had him spend multiple days every week with the team. He played the build, interacted with our team members and fully immersed himself in everything Conduit. Unfortunately, his vision was unrealistically grandiose. The combined length of the cinematic sequences would have been well over that of multiple feature films. We simply didnt have the budget or the manpower to dedicate to creating that many hours of story. Additionally, the tone was extremely serious and heavy-handed, which didnt go over well with anyone in our initial showings of the game. In fact, they celebrated the occasional humorous element, leading us to the realization that things needed to be lightened up significantly. As we got closer and closer to our deadline, despite our writers best intentions, the cinematic sequences were still too long and too serious, missing the lighter tone we were hoping for. Consequently, we were forced to do a massive edit and rewrite -- working at all hours of the day and night -- to get the script polished in time for the final recording session. If we had only given the light-hearted direction to the writer initially, we could have saved a lot of time and effort.	(lack of technical knowledge and planning: nobody helped the writer understand what the project constraints during his writing process. In the end, the story had to be completely changed to fit the existing resources.)	Project Mismanagement	Brown et al.
Middle-earth: Shadow of Mordor	2015	cutting-features	We not only had to trust each other in terms of the process of creating the game, we also had no clear benchmarks or data to demonstrate that it would work even once it was created. This insecurity about our core systems led us to direct a lot of effort to peripheral systems such as side activities and even some epic features like a climbable Great Beast that later got cut.	(lack of technical knowledge and planning: performance benchmarking)	Architecture By Implication	Brown et al.
Dead Head Fred	2007	delays	We were supposed to ship the game in early Q1 of 2007, and of course that didn’t happen. (Actually, Fred’s delayed release could help its sales. We now have the potential to sell to the new PSP owners who have bought systems due to the price reduction, and those who are planning to buy the new PSP Slim & Lite.)	(lack of technical knowledge and planning: poor technical and team planning caused the delay)	Project Mismanagement	Brown et al.
Star Wars DroidWorks	1998	scope	In choosing the Jedi engine, we hoped to benefit from its physics simulator as much as from its rendering engine. We wanted our game to teach simple physics in an open-ended environment, and we hoped concepts of velocity, acceleration, and gravity, would just fall out of the simulator. How wrong could we have been! The level designers closely control the world of Jedi Knight, and the physics engine had been tuned to make maximum fun out of running characters and flying projectiles. We had hoped to teach interactive real-world physics, not cartoon game physics in which the main character could run 80 miles an hour, nothing bounced, and nothing could be pushed! We expected a fairly robust dynamics simulation but wound up with sphere-based collision detection in a system that often couldnt properly respond to the collision of two moving objects. The lack of rotational forces sure made it difficult to build levers and fulcrums.	(lack of technical knowledge and planning: the engine was not fit for the kind of game the devs were developing)	Architecture By Implication	Brown et al.
Star Trek: Voyager -- Elite Force	2001	planning	Underestimating the amount of scripting work needed. As we mentioned previously, our Icarus scripting system was a huge plus. But we also encountered a lot of problems with scripting. Not only had no one ever used this system before, none of the programmers behind it had ever written a scripting system before. The designers didnt even get their hands on the scripting system until about eight months before the game was done. They did pick it up quickly, but not without a lot of effort and time involved.	(lack of technical knowledge and planning)	Architecture By Implication	Brown et al.
Star Wars Starfighter	2001	cutting-features	If there was anything about the original Star Wars Starfighter pitch that met with widespread enthusiasm, it was the idea of seamlessly transitioning from planet-side environments to the depths of space and back again. Dog fighting close to the planet surface certainly has its own appeal, but there is something about the promise of being able to pull back on the stick and blast off all the way into space that is simply very, very cool. This high concept was so exciting to the team that the original game pitch featured this idea predominantly. In fact, in many ways this single feature was to define the game. Well, its a bit of a trick to actually pull off. First, there were the technical considerations. A planet is big. I mean really, really big. Even a small planet would require dynamically creating thousands of terrain tiles. Although most of these tiles could be procedurally generated, they would still need to be created and discarded on the fly; depending on the players location, custom mission-area tiles would have to be streamed in from the hard disk, all while maintaining frame rate. Of course, since we wanted to allow the player to fly absolutely anywhere on the planet, ordering this data on the disk in a streaming-friendly format was problematic. We exacerbated the situation by requiring even our lowest resolution terrain height maps to be much higher resolution than they really needed to be. This in turn made higher theoretical demands on the streaming and resource systems.	(lack of technical knowledge and planning)	Architecture By Implication	Brown et al.
TimeShift	2008	team	It was our first attempt to use mocap, and probably because of that, it took us over a month to get the first mocapped animation in the game and nail down the pipeline (of course, when we finally got that first animation in we lost Ruslan Vizgalin, our lead animation programmer, for three weeks -- he was in the hospital fighting pneumonia). This whole process was wreaking havoc on our lead AI programmer Sergey Mironov, the scripting team and the producers -- most animations and animation transitions were not working for about a month, the game was not playable, and it was impossible to easily tell what the source of a bug was -- was it one of the many animation glitches, or a scripting issue, or an AI navigation problem?	(lack of technical knowledge and planning)	Architecture By Implication	Brown et al.
Weapon of Choice	2009	team	Before this project, there were many things, such as rigging models and making sound effects, which Id never tried before. At the top of that list was programming a multi-threaded game update loop. I changed the game loop to utilize threading too late in the development, which created hundreds of crash bugs, stemming from code in which two threads would access the same static data. I mainly operated from a Use Threading Because It Will Make Things Faster mindset, rather than confidently designing code to enhance the runtime performance. During profiling, I could toggle between single and multiple processor use on the Xbox. This showed that threading provided around a 15% speed-up. This was good, but it definitely never reached the magical 60fps level.	(lack of technical knowledge and planning)	Architecture By Implication	Brown et al.
Big Mutha Truckers	2003	cutting-features	Although wed never done it before, we thought that producing lip-synching would be a much easier task than it turned out to be, and as we couldnt get it working in time, it had to be dropped. We eventually cracked lip-synching for another project that was being developed concurrently with Big Mutha Truckers, but at that point in the development schedule it simply wasnt possible to implement and deliver it in the game.	(lack of technical knowledge and planning)	Architecture By Implication	Brown et al.
Resident Evil 2 (N64)	2000	planning	While we achieved a tour-de-force of compression overall, we didnt anticipate all the assets that would need to be compressed. Audio and video received most of the attention and were pushed and squeezed until they fit. Our focus on these assets, however, caused us to neglect other areas such as the animation data. We did manage to cage these beasts, too, but on our final burn we had to shave another megabyte off the video. This last megabyte took us under the critical point where the video suddenly went from very pretty to just a bit too obviously compressed. Not all the games movies were affected, but it was disappointing that we had to sacrifice some quality because we assumed the other assets would fit, rather than adhere to the apothegm assume nothing. Next time, we wont leave anything to afterthought. Well examine everything, to the point where we can make informed estimates (in this case, an assets uncompressed size and its expectedcompression ratio derived from some sample tests) for everything. (...)  At the beginning of the project, this was the most underestimated and underbudgeted task. We quickly realized the scope: at least 200 pieces of music, many short, but there nonetheless with each MIDI piece having its own unique samples -- a nightmare for conversion to cartridge. Angel Studios simply did not have the know-how to execute this area of the project.The tool we had developed internally required a ten-minute compilation process between the alteration of a sequence or sample and hearing that sequence. Obviously, when you are going to be attempting to refine more than a thousand individual samples not only for correctness but also to make them as small as possible, this system simply would not work. Fortunately, we had a connection on our team in the German development community that used to play videogames in his basement with Chris Huelsbeck from Factor 5.	(lack of technical knowledge and planning)	Project Mismanagement	Brown et al.
Mini Metro	2016	team	We did a lot of things that we’d have never gotten away with if a producer was on the team. (...) We’re not the typical start-up, and the two of us have almost 100% skill crossover. This means that we’re fine when it comes to coding and designing, but there are a many gaps in our expertise: art production, creative direction, marketing, PR, but most of all business development	(lack of technical knowledge and planning)	Project Mismanagement	Brown et al.
The Banner Saga 2	2016	planning	We had some false starts, but a year later, with E3 2015 looming on the horizon, we started production in earnest.	(lack of technical knowledge and planning)	Project Mismanagement	Brown et al.
Marathon 2: Durandal	2007	communication	Communication between team members was infrequent, the master design document was never fully fleshed out, and many functional areas of the game were laid out by individuals working in a virtual vacuum. The audio system was the work of a single coder, as was network session management, the menu interface, and user profile data. As these largely complete units began to be integrated, poor communication led to duplication of effort and an inability to keep up with changing spheres of responsibility. Many hours were lost when it was discovered that two programmers had been working on the same code -- optimizing the Shapes loader cost nearly an entire extra man-day for this reason.	(lack of technical knowledge and planning)	Project Mismanagement	Brown et al.
Brütal Legend	2010	planning	There was a notable downside to Scrum that bears mention in spite of our success with it. Our implementation of Scrum encouraged a preproduction mindset far too long into production. Scrum neither encouraged defensive programming, nor the practice of designing systems that scaled well. (...) Once the project was in production, because of the reliability and lower risk of art creation, a waterfall approach was more optimal than Scrum. (...)	(lack of technical knowledge and planning)	Project Mismanagement	Brown et al.
Bit.Trip Beat	2009	planning	Since we had strong time constraints and since we're only three men, we each had to do more than an engineer, artist, or designer would normally do on a project. This led to what I call "do, do, do mode". Basically, you have to keep doing things and keep moving because if you stop to think for even a moment, you can sometimes throw your entire groove off. Obviously, its best to stop, take a breath, and remember that doing something right is ALWAYS better than doing something wrong. But in the heat of the moment its easy to lose track of the gray area between right and wrong -- because there is one. The "right" way is not always the right way to do something. And sometimes the "wrong" way can be more right than we would ever think. That being said, sometimes the wrong way is actually the wrong way. One example of how do, do, do mode threw us for a loop was how we moved the player through level two. Because of our camera system, we couldnt animate the camera through the level (or so we thought). So Mike, our artist, who is not an animator, ended up rigging the entire level as a character and animated it around the camera. This was insanity. A day task of animating the camera through the level became a week task of animating the level around the camera. After the project was done, we all realized that making a 10 minute change code-side could have allowed us to do this the right way, but since we were pushing so hard and not pausing to consider all options, we unnecessarily gave ourselves more work. Learning when to "do" and when to "dont" would have helped us to keep the projects velocity higher.	(lack of technical knowledge and planning)	Project Mismanagement	Brown et al.
SWAT3 Close Quarters Battle	1999	multiple-projects	Due to our tight schedule, we couldn’t wait for the game engine to be completed before starting on the art. This was difficult for the artists, who were developing content for an engine that didn’t exist yet. They used Worldcraft and Quake to prototype some of our early levels, but since our engine used a different rendering algorithm (cells & portals), they could only do rough work. Even after the engine was up and running, it was constantly evolving. Our design called for levels with an incredible amount of detail, and the engine was constantly being optimized to increase the frame rate. These optimizations would sometimes require the level designers to change the way they worked, and existing levels had to be modified. Engine changes would often cause rendering artifacts, and it was difficult for them to tell whether the problem was with their art or the most recent engine change. The AI was also constantly evolving and frequently required existing levels to be changed. Things like valid door angles, minimum hall widths, and 3D path node placement were not finalized until late in the project	(lack of technical knowledge and planning)	Project Mismanagement	Brown et al.
Hero-U: Rogue to Redemption	2019	planning	By the time the programming team was assembled, the game script had already been written, the character models were already in the game, and most of this was final. This led to a lot of issues that couldn’t cheaply be solved, because so much of the game’s budget had already gone into creating the assets we had. (...) We were able to redo much of the game art-- including the user interface, 3D environments, and in-game vignette paintings-- but all of this should have been something the designers accounted for in pre-production, not something that came up at the last minute.	(lack of technical knowledge and planning)	Project Mismanagement	Brown et al.
Caseys Contraptions	2011	planning	The iPad was the obvious platform of choice. Its large screen can display very nicely detailed graphics, and allows for very natural, direct manipulation of items. It was a perfect fit for Caseys Contraptions. Even so, while there are a lot of iPads out there (14 million), the iPhone and iPod Touch are the undisputed kings of the App Store (about 185 million devices). Especially for a game that relies on the social component, getting a critical mass of users playing at the same time, sharing solutions, and sending levels is very important. We definitely stormed up the iPad charts, but that still left the majority of iOS users not being able to purchase our game. Why didnt we wait until we had the iPhone version to launch? No particularly good reason other than we were itching to get the game out. We also had no idea what kind of impact a strong launch would have on our servers, so the idea of an iPad-first launch seemed like the way to go. In hindsight, we would have been better off waiting to launch both versions at the same time (or almost the same time, maybe a week or two apart at most). To make up for this, were planning on making the iPhone release a second launch of sorts: well make the iPhone version coincide with a new game update that includes a lot of new content (for free for people who already bought it), and well try to repeat the same strong launch we had on the iPad. The idea is to get everybody whos already bought the game playing again, along with all the new iPhone players, and create that critical mass.	(launch/distribution issues: game was launched separatedly for ipad and iphone. In retrospect, the devs think it would be better to wait both versions get ready and then launch both at the same time, so as to create more social network engagement)	none	none
Galactic Civilizations	2003	multiple-projects	If you asked anyone who bought Galactic Civilizations during the first week to name the top thing didnt like about it, it probably would have been updating the game via Stardock Central. In our original plan, Galactic Civilizations was to ship in February, followed a month later by our BonusPak -- a giant, single file containing new features and fixes for any significant bugs that managed to get by us. A month after that, in late April, we had planned release Stardock Central as a way for us to provide updates to players. But when we agreed to delay the game until the end of March, that made its release temptingly close to the Stardock Central release. We began contemplating a simultaneous release of Galactic Civilizations and Stardock Central, which would just require moving up the Stardock Central release date by a month. We were tempted by the thought of launching with impressive software updating technology that also included chat and discussion forums. Unfortunately, when the game shipped on March 26, Stardock Central wasnt quite ready. Stardock Central not only had to deal with people downloading the full 500 megabyte game from the Internet, it also had to deal with people who bought the game at retail. It had to recognize what was already installed and update only what was new. It had to handle myriad date/time formats from around the world. And on top of that, we didnt take into consideration how many inexperienced computer users wed be dealing with.	(launch/distribution issues: installation/update system did not have a good usability)	none	none
System Shock 2	1999	delays	Irrational did not want to introduce multiplayer support into System Shock 2 because we considered it a tangential feature that did not contribute to our core strengths. However, marketing concerns dictated it, so ultimately we acquiesced. Our lack of enthusiasm for this feature contributed to its developmental problems because we failed to monitor its progress adequately or raise concerns when that progress fell behind schedule. (...) Given the difficulties posed by the multiplayer technologies, the engine developers working on the task made great efforts, and their early results were promising. However, the early departure of one of the programmers, and the fact that he was not replaced, ultimately doomed any possibility of shipping the multiplayer technology with the initial SKU. Reluctantly, we opted for a patch that would be available at the same time as the single-player box reached shelves. Our cooperative multiplayer game will undoubtedly be fun and will probably be enjoyed immensely by a relatively small number of our customers. However, we wonder whether our failure to deliver a promised feature in the box will ultimately hurt us more than the absence of that feature from the start would have.	(launch/distribution issues: multiplayer was included due to mkt demand, but its development was not well managed, which led to delays)	none	none
Amnesia: A Machine for Pigs	2014	team	The lack of dedicated marketing staff was certainly a problem for TCR, and it is likely that a more consistent drip-feed of media throughout development would have been a better strategy in keeping interest higher.	(launch/distribution issues: no dedicated marketing staff)	none	none
Renegade Ops	2012	delays	In the end, the project was delayed by two months. This had several negative effects, the most important one being that we missed a very important promotional event (by just two or three weeks!) that would have given us major backing in the form of marketing and general exposure.	(launch/distribution issues: project delays caused a loss of marketing opportunities)	none	none
Sportsfriends	2014	communication	Its a pretty weird choice, to be honest, muses the dev. "This has been a big messaging problem for us. Joust is this physical installation game, but the other games are couch games. So then some people think that all the games are motion-control games, which isnt true. Then the people who want BaraBariBall and Pole Riders probably think Joust is this weird, dumb kids game". (...) Of course, internet forums and comments sections are already filling up with people complaining about the lack of online play. "And we know were going to face that", notes Foddy. "But for me, the whole point of the project is to recreate the feeling that we had at those events, which was super significant for us, and for other people as well". "What were trying to do is open peoples eyes to something that is new. Video game fans have found what they love and enjoy, and I think they feel threatened by people who are trying to change what video games are, and what they mean. Theres a certain kind of defensiveness, which is sort of understandable at one level". But what were hoping is that the games themselves will be convincing enough, that after a struggle, friction, a kind of argument with those people, well win them around with the way that you feel -- the joy that you can have when youre playing these sorts of games". (...) The team is wary of appearing defensive on this stance, giving players the impression that online could have been implemented, but the developers just didnt because it would be additional work. The fact is that most of the games wouldnt even work as online experiences. "Weve been talking about doing a video of us playing Joust online, standing in different rooms, dancing around by ourselves", laughs Foddy. "I hope that point will be obvious to people, but maybe it wont be. Well see".	(launch/distribution issues: the game was criticized by some players for lacking online multiplayer. However, it is a physical installation game, so it would not make sense)	none	none
Chop Suey Kung Fu	2001	communication	Chop Suey Kung Fu has been a great hit with the players. Despite all its limitations, they love it. But it doesn’t yet tell the commercial story we’d hoped for. It still has to see a truly convergent implementation. Telcos each want their own server, as do the TV companies. Instead of the global combat we were after, with any player on any device being able to play anyone else, it has fragmented into dozens of small games, where AT&T customers play AT&T customers, Sprint customers play Sprint customers, and so on. Convergence goes down well at shows and exhibitions, and everyone is keen to buy a convergent game, but nobody’s putting them out in the marketplace.	(launch/distribution issues: to distribute a WAP game back in the early 2000s, devs were dependent on phone-carrier hosting and that would influence technical aspects. Carriers never agreed on a "convergent" implementation for the game) 	none	none
Baldurs Gate Enhanced Edition	2013	planning	We began work on the project almost two years from ship. At the start we planned to ninja in, make some minor changes, replace the graphics system and ninja out. As we began to work with the code base, we found severe performance and stability issues with the engine. We traced some issues back to the core threading model of the Infinity engine. Infinity was multi-threaded before there were processors capable of parallel code execution. As such, it was designed around a concept of threading that never really emerged. The main issue was that all of the threads shared the same set of data. The problem is all these threads were created and they all hit the same memory and as such, blocked each other, stalling all threads until the current one completed. The code was also heavily laced with critical sections, which caused (in some cases) 70 percent of execution time spent in no-ops. Our longterm solution was to machete in and remove the threading, removing a couple hundred thousand lines of code from the game. The end result was more stable and had fewer performance irregularities. The ninja-in approach was tried in other areas, as well, and every time the end result was consistent. We always found a ton of complexity solving an era-specific problem that no longer applied. We continue to find roadblocks in the code and were improving it as we go.	(legacy codebase issues: code performance and system architecture)	none	none
Crazy Taxi Fare Wars	2007	planning	Another area that proved to be challenging was the fact that we had two complete games on one UMD. In the original design for CTFW we technically had four complete games with the addition of the multiplayer code for both CT and CT2. We were going to have the multiplayer modes available from the main menu, but this quickly became a problem with load times because the entire multiplayer code is based off the single player code. If we wanted to play a CT2 head-to-head game, we had to first load the CT2 single player game code. The reality of having a multiplayer button on the main menu was that the user had to wait for the single player game to load anyway, so it seemed like it was taking forever to launch a head-to-head game. We decided to have the single player game executables on the main menu and then add the multiplayer game options to the existing GUI for each version of CT. Although we ended up not having a direct route to the multiplayer modes from the main menu, we actually slightly improved the load time of getting into a multiplayer game by keeping these modes in the game menus and off of the main menu. Streaming data off the UMD also proved to be a difficult issue for us to nail down. We were on a compressed schedule to try and finish CTFW as quickly as possible. The lead times to request and obtain testable UMDs burned from SCEA were prohibitively long, so we didn’t get any UMDs made until very late in the development cycle. The theoretical assumptions we made early on in the design of streaming the data weren’t tested until just before we were preparing to submit to SCEA for approval. What we found were long load times and decreased frame rate that we had to adjust for. You’ll notice that if you use the custom music player instead of the in-game music, the performance of the game improves a bit. This is due to the fact that the custom music player streams the data from the Memory Stick and not the UMD, thus the seek times for the rest of the game data improved.	(legacy codebase issues: game performance and target platform limitations)	none	none
Tony Hawk Pro Skater (Dreamcast)	2000	feature-creep	We tripled the number of polygons in the skater models but this ended up making the skinning at the joints look more noticeably wrong, and didnt improve the look of the characters much. Sometimes we couldnt even tell whether we were playing with Neversofts original low definition skaters or our new high-definition ones. (Although looking closely at the skateboard made it a dead giveaway; ours had nicely modeled trucks and theirs used flatcards.) With new power comes new responsibilities, such as fully taking advantage of all those polygons by implementing extra joints in the characters (at the shoulders and necks for example), weighted vertices, and cloth and hair systems. Our other Dreamcast games have these features but we were locked into the animations from the Playstation version of Tony Hawk so we couldnt addshoulders nor could we move pivots for more natural bends. And the skaters in Tony Hawk go into extreme poses while performing stunts.For instance, when they crouch really low on their skateboards their knees get pointy, and when they put their arms over their heads their shoulders dip and they look like balloon animals. We did the best we could by hacking in weighted vertices on the knees but the hack made the shoulders look even worse so we left them the way they were.	(legacy codebase issues: low quality assets demanded technical changes)	none	none
Crazy Taxi Fare Wars	2007	delays	During the planning phases of the project, we wanted to get Crazy Taxi up and running before tackling the sequel. It took several months and was completed on schedule. When we turned our attention to getting the CT2 source code up and running we encountered unexpected problems that inevitably created delays in our schedule. In retrospect we should have spent time up front to do due diligence on the CT2 source code; if we had, we would have been aware of these issues months earlier. 	(legacy codebase issues: unexpected bugs)	none	none
Wireless Pets	2002	communication	One feature of the contract is that The Games Kitchen would retain the Wireless Pets IP. To begin with, DB used the characters, logos and other materials on a number of occasions without our permission or approval. This was the cause of constant consternation, and some heated emails were exchanged. Now DB has an approval loop system in place and know where they stand when using external IP. Our disagreement with DB at the time meant that they had their system in place before they worked with IP belonging to companies who go around packing fully loaded lawyers and who arent afraid to use them.	(legal battles: devs had to fight for their right to use copyrighted material with their publisher)	none	none
NyxQuest Kindred Spirits	2010	planning	Our game was originally known by another name. It was released on June 19th in Europe. Two days before, on June 17th, we received a Cease & Desist letter from another company asking to change the name of our game. Since we are a very small developer with very limited resources, and in the final stages of the production, we had no time and budget to go into the cost of a legal battle. We believed our chosen name was not clashing any other trademark. After a long and stressful weekend we decided to change the name of the game, and select one that is safe enough to not have similar problems in the future. We all know the previous name was better, but we had no option! On the other side, there was a lot of news related to the name change on gaming news websites. In the end we dont know the impact this had on the performance of the title.	(legal battles: game name had to be changed due to copyright issues)	none	none
Brütal Legend	2010	team	In June 2009, Activision Entertainment Holdings, Inc. filed suit against Double Fine, claiming breach of contract and seeking a preliminary injunction to stop the release of the game by Electronic Arts on Rocktober 13. Less than 2 months later, the case settled out of court. I cant talk about any of that in this article, or any article really. I bring up getting sued as something that went wrong because of the impact the transition between publishers and subsequent lawsuit had on the development of Brütal Legend. (...) The merger announcement and subsequent diminution in publisher contact with Vivendi personnel, especially after such a previously harmonious relationship, caused internal unrest and morale dips among the team. Company meetings often included frustrating discussions about what little we knew about the current situation at our publisher, and what the various possible outcomes would mean for Double Fine. This demoralizing uncertainty lingered for months, during which time the leads continued to motivate the team to hit their scheduled milestones while watching our coffers run dry in the absence of any publisher payments. We learned Activision was not going to be publishing Brütal Legend through an official press announcement issued by Activision that listed the games they would be shipping, with ours conspicuously absent. Again, the team was abuzz with anxiety -- and the official hunt for a new publisher began, distracting Tim, myself, and various team leads during an already intense development period. Even after the game was re-signed with Electronic Arts, we enjoyed only a brief reprieve before the legal communications began among Double Fine and Activision and Electronic Arts. Most of the team was shielded from the drama that unfolded between December 2008 when Electronic Arts announced that they had picked up the game for publication and July 2009 when the lawsuit settled. But Double Fines leadership was not, and the distraction and stress took its toll on individuals and on our deliverables. The lawsuit was filed just as the game went Alpha, with a stipulation that it be heard prior to Gold Master being submitted -- relegating Tim and myself and a cadre of team leaders to the unenviable job of information gathering, declaration writing, lawsuit reading, witness interviewing and all around non-game-making during the crunchiest, most critical time of development. The lawsuit took its toll on the team, on the company, on our product and on our optimism.	(legal battles: IP rights)	none	none
Uncharted Drakes Fortune	2008	communication	When we first started developing ideas for Uncharted, we explored a lot of different directions. Although we always knew that we wanted to make a third-person character-action game set in a load-free world, the rest of the gameplay, story, and settings changed a lot in our early discussions. For a variety of reasons, it took us a while to settle on the final concept of the game. And, because we were very focused on creating technology in the early part of the project -- the engine, the rendering pipeline, and tools -- we didnt have the programming support to prototype our gameplay ideas. This slow start put a dent in the teams morale, but once we focused the design, communicated it to the team, and began implementing against it, everyones spirits lifted and we began to move forward with great speed.	(low morale: dedicating more time to tool development than game development)	none	none
Gabriel Knight 3	2000	team	When someone is placed in a role in which they dont belong, I call this being "badly cast." Many of the problems with GK3 resulted from developers being badly cast in their roles, usually because the project requirements were so severely underestimated. To give you an idea of the casting problems we had, consider this: we went through a total of two producers, three art directors (we spent the last year of the project without one), and three project leads (the producer was forced to take over as project lead towards the end). This was an ambitious, massive project that required experienced engineers and the original team was simply not up to this task. GK3 was initially built from members of the Shivers 2 team (one of the last games built with SCI) and they had practically no 3D experience. Engineers under the venerable SCI engine were basically scripters and putting them in charge of building a game engine from scratch was like feeding them into a furnace. To make things worse, the developers that were in over their heads didnt ask for help, which gave management a false sense of progress. (...) To managers everywhere: morale is one of those icky personal political things that many of you avoid dealing with, but you need to understand that your development team is not a factory churning out content and code. To paraphrase Peter Sellers in Being There, "The team is a garden of creativity that requires regular watering and sunshine in order to build strong roots." Loyalty is not something that comes easily. The job market is very competitive -- your best developers will simply leave and work for somebody else if they arent treated well and maintained properly. On GK3, there was a serious lack of love and appreciation throughout the project. Recognition of work (other than relief upon its completion) was very rare, lacked sincerity, and was always too little, too late. Internally, a lot of the team believed that the game was of poor quality. And of course, the many web sites and magazines that proclaimed "adventure games are dead" only made things worse. Tim Schafers Grim Fandango, although a fabulous game and critically acclaimed, was supposedly (we heard) performing poorly in the marketplace. Rumors circulated among our team that GK3 was going to lose money, due largely to our high burn rate. The low morale resulted in a lot of send-off lunches for developers seeking greener pastures. GK3 had a ridiculous amount of turnover that never would have been necessary had these people been properly cast or well treated in the first place. More than 45 developers worked on GK3 (the average standing team size was 15 to 20), and now, just a few months after it shipped, only seven remain at Sierra. Strangely, the opposite also happened -- several of our developers were included in Sierras mid-1999 housecleaning layoffs but these individuals were allowed to stay on for a couple of months, postponing their last day until we shipped GK3. I believe this was done in good faith out of respect for the developers hard work up to that point but it ended up being a prolonged drain on morale. Having a small group of people who are (understandably) upset with your company for laying them off and actively looking for a job while still trying to be productive and contribute to a project is a tough situation that should be avoided. After a certain amount of time on a project like this, morale can sink so low that the team develops an incredible amount of passive resistance to any kind of change. Developers can get so tired of the project and build up such hatred for it that they avoid doing anything that could possibly make it ship later. This was a terrible problem during the last half of the GK3 development cycle and as a result there are many aspects of the game that we arent proud of. These were problems that should have been fixed but nobody wanted to take the time to correct them because we were so focused on trying to get the game out. I dont think anyone on the team is directly at fault for this and I dont know what we could have done to correct this problem. (...) Because of the high turnover, GK3 always had a high percentage of developers new to the team. Faced with mandatory overtime, these new people understandably felt it was unfair to be "punished" by paying for problems caused by the original team or things that they felt management had brought upon itself.	(low morale: lack of recognition, lack of communication and high turnover)	none	none
Unreal Tournament	2000	communication	Many aspects of the games timing worked against us. While the Quake 3 vs. UT hype increased our exposure, it also set a very hard deadline for completion. It was critical that we complete the game before Quake 3 was released. The media advantage belonged to id and we believed that if Unreal Tournament launched after Quake 3, we would be forgotten in the storm. At the same time, however, we were caught up in grueling contract renegotiations with GT Interactive. We did not want to deliver the completed game until we knew the contract would work in our favor. Many times during the development of the game we were promised that a resolution to the contract issue was close at hand. The team would race to reach a point where the game could be shipped, only to have negotiations drag on.	(low morale: market expectations/contract negotiations)	none	none
Deus Ex	2000	communication	Morale hits were frequent and problematic. It simply isnt possible to be bombarded by negative press about the company you work for and not take it somewhat personally. Trust me when I say that seeing your personal and private e-mails posted on the Internet is a devastating experience. Also, recruiting was more difficult than it should have been. We were able to put together an incredibly talented team for Deus Ex, but too many talented people told us that while they would like to work on Deus Ex, they couldnt work for Ion Storm. Eventually, a well show them mentality became prevalent in Austin. I dontknow that anyone who worked on Deus Ex thought of him- or herself as part of the same company making Daikatana and Anachronox up inDallas. That kind of us-versus-them thinking is rarely good in the long run.	(low morale: negative press about the company and its people)	none	none
Crackdown	2009	planning	We got a couple of milestones past our first playable demo (which went down really well but was held together with paperclips and sticking plasters) before feeling the sinking sensation that the project was out of control. In the face of a great deal of pressure to continue making incremental progress, the production team agreed to immediately derail the entire team from chasing short-term disconnected goals and instead embark on a full-scale project audit. Much of the team was tasked with breaking down the complete design with implementation information so that it could be processed and converted into a simple and solid plan. A multi-disciplinary panel was charged with reviewing the extensive detail of each component in turn so there could be no more complaints that, for example, audio wasnt being given due and timely consideration. With a pass to add development estimates, resource groups, and stakeholder priorities, the resulting project scope spreadsheet was incredibly cumbersome. The team at large resented it bitterly. Unwieldy as it was, it was still an invaluable tool for at last conducting a meaningful triage of work against available time and resources.	(low morale: scope too large)	none	none
Baldurs Gate II	2001	multiple-projects	During the development of any game, no matter how cool, there comes a time where people have been working on it for a long time and they start to tire of it. This mid-project doldrums period has to be managed very carefully, with attention paid to the individuals involved. In the case of BG2, our situation was complicated by the fact we had a shiny new project in the form of Neverwinter Nights (also with Black Isle/Interplay as publisher) in production just across the hall, and another cool new project in the form of our Star Wars RPG (with LucasArts as the publisher) also recently underway.	(low morale: working in the same project for a long time)	none	none
Kleptocats	2017	team	At the start of the development we weren’t in the best position. We were sad. The office had lost half of its people because the game we made before wasn’t the success we needed financially speaking, and we were a couple months away of losing the other half. All the people involved in the project thought that this was going to be the last game we made together as a team. (...) Even though to our standards KleptoCats was a success, after months of work and trying to do something new, we found trying to continue the project got tiresome. That’s why we decided after months of working, it was a good idea for the original team to move onto other things while the new members could take it and give it a fresh and different vision.	(low morale: working in the same project for a long time)	none	none
Swing racers	2015	planning	Many times since release I have wished that I knew things about people playing my game - how many players chose the “left-handed” option? how many strived to unlock everything? which levels did they go back to the most? Knowing these things would help make better decisions on features for the next project.	(metrics collection issues: devs did not include any statistics system to understand which options/game modes were the most picked by players)	none	none
Bionic Commando Rearmed	2009	feature-creep	In the end, text is a slippery slope. The amount of localization, planning, and programming is no easy task. I know the programmers on the title thought this was a bad idea from the start, and certainly its not the type of feature that will sell a lot of additional units, but we went forward with it anyways. It created a lot of page break mistakes and of course the Japanese localization was a colossal headache. Its funny, but even though I worked in localization for several years, I never did it the other way around (English into Japanese). All of the games I worked on were Japanese into English. With Japanese you basically have to code in where each line breaks by hand. English and other Western languages allow for automatic line breaks quite easily, but Japanese is incredibly time consuming. Capcom is a Japanese publisher, so we needed to have a Japanese version, but what a huge amount of work to put into a single language when compared to the other languages!	(not enough attention given to localization)	none	none
Bit.Trip Beat	2009	delays	Forgetting about localization until the very end of the project somewhat diminished the games accessibility worldwide due to all in-game text being in English only. It also delayed our project by about one week.	(not enough attention given to localization)	none	none
Okamiden	2011	delays	For the development of Okamiden, the main challenge was to recreate the beautiful world of Okami on the Nintendo DS. To do that, the team spent countless hours trying and re-trying, doing everything to increase the quality of the game. Unfortunately, this pushed back the production schedule for the Japanese version of the game.	(not enough attention given to localization)	none	none
Out There	2015	delays	It was at this time that I started rereading my translation with a professional who graciously accepted to do it free of charge. There would eventually be a total of 28,000 words (I had not finished writing) to read in French and 24,000 in English. I thought it would take 5 days. We sat face to face while she read, corrected, etc. After 15 minutes, I asked her how much she had done so I could estimate the total amount of time we would need. She was still on the first sentence. It took several months.	(not enough attention given to localization)	none	none
Trine	2010	cutting-features	The state of the overall project and its overambitious design was finally understood in May 2009, roughly a month before the scheduled gold master. Some partially-developed gameplay features were cut, such as the third upgrade slot for the characters skills, along with a graphically unpolished icy mountain level and other art content, as were many small gameplay features. This also caused headaches down the line, for example in localization, as much of the text had to be revised and combined even though the game had already been completely translated once and VO had been recorded.	(not enough attention given to localization)	none	none
Wireless Pets	2002	feature-creep	The amount of text I had to write for this game almost killed me. There are 500 unique diary entries for each of the 6 pets in the WAP version, and 350 unique diary entries for all six pets (featuring four new pets) in the SMS game. It was insane; 50 different ways of saying Im hungry for ten different animals, each in a way that conveys a bit of personality. One solution to this would be dynamic text generation. However, when the game is translated into many languages, this is very problematic. English is fine, but other languages have new and unusual forms of sentence construction to torment you with, not to mention gender specific nouns, verbs and adjectives (not necessarily the same gender in every language). The programmers had lots to do; as well as producing the game, I was doing the art and text, and theres virtually no art. To get it out the door ASAP, I took it upon myself to complete what I did not realise would be such a monumental task.	(not enough attention given to localization)	none	none
Guns of Icarus Alliance	2017	planning	With the scale and ambition of our project and the small size of our team, we failed to allocate adequate resources for localization, meaning that localization is now a near-impossibility within the existing game framework. It pains us to know that there are many players who had a difficult playing experience, and others who missed out on the game altogether, all because it only provides support for English-speaking players.	(not enough attention given to localization)	none	none
Deadliest Warrior	2010	team	Not only was it hard to manage, but we also worked with an offshore team that did not keep the same hours. Normally this would not be a problem, but since we did not have all of the text ready from the start it meant that we would receive new text from Pipeworks during the daytime but the localization team was out of office and could not get to it until the next day. Since they were out of office, they could not schedule resources for the next day and thereby we would miss a day while we got everyone assigned again. This seemed to happen all the way to the very end of the project, even after our contract with the localization team was over. We basically had to reach out to all of our friends all over the world to get them to translate pieces of sporadic text. My Facebook status updates were pretty funny for a while -- something random like "How do I say sever limbs and decapitate your enemies in German?"	(not enough attention given to localization)	none	none
none	2006	communication	Explaining the concept of an original game with no real prior references is a major difficulty that must not be underestimated. I had to deploy considerable efforts before I finally managed to generate enough excitement to sign for the project, after spending more than a year discussing it with the publisher. Developing an original project also constitutes a mass of difficulties at all levels of production. Apart from the initial difficulty of convincing the publisher to take the risk of trying something new, you then have to convince them that the project is making progress. Lots of publishers need to be reassured by the game play early on in the development and demand vertical slices (a full playable game level complete with all the features). This method is perfectly suited to shooters or car games where we can in fact produce a complete level and have a good idea of the final game play because all that remains is to duplicate the game play by changing sets. The immense difficulty of the Indigo Prophecy concept was that a large part of the fun came from involvement in the story and emotion, which were both difficult to illustrate from a single isolated scene. (...) Managing the development team constitutes the other difficulty involved in producing an original project. When working on a FPS, the team has a very clear idea of what it is doing from the very first day of development. It has outside references that enable it to judge the quality of the game. With an original project, this does not apply. The team had to have enormous faith in order to be able to produce Indigo Prophecy. Some of the team members even admitted to me that they had not really understood what Indigo Prophecy was all about until after the game was released and they heard their friends talking about it. Anyone who has already directed a project knows how essential it is to have the complete confidence of the development team. If the team has reservations or no longer believes in the project, that project will fail. For Indigo Prophecy, I made a point of never showing my doubts (which were nevertheless numerous and sometimes difficult to overcome all through the development) and made special efforts to share my vision of the project with the team.	(novel idea: game designer had trouble communicating his vision for the game for his team, as it was a unique kind of game that has never done before)	none	none
Dynasty Feud	2018	communication	In our case, we ended up talking about Smash Bros as a reference most of the time (many media did the same too), which leads to confusion, because Dynasty Feud has actually very little in common with Nintendo’s brawler. We tried to find that awesome pitch for too long without results, so we got to a simple conclusion: probably not every game can have an awesome pitch.	(novel idea: the game's creators failed to create a good pitch, and because of the unique nature of the game, they feel that it is not possible to explain it)	none	none
Chop Suey Kung Fu	2001	planning	Our first error was immediately obvious: we’d commissioned WAP graphics, but we hadn’t commissioned colour graphics at the same time. We had to track down the freelancer who’d done the first set, and persuade him to produce more. It’s a beginner’s mistake, and one we’re not likely to repeat!	(outsourcing quality/communication issues: art staff)	Project Mismanagement	Brown et al.
A Boy and His Blob	2010	team	Outsourcing sound effects was also problematic, as our SFX person was unable to spend a lot of time at the studio observing the game she was making effects for. Lead gameplay programmer Larry Holdaway, stepped in and pulled double-duty as a SFX fixer-upper, putting the effects through filters, fiddling with the volumes, and sometimes making or finding all-new effects. Lastly, some outsourced programming we tried ended up not working out as well, and we had to pull the development internal to get the results we needed. With the added problem of time zone differences, outsourcing for Blob was a hurdle.	(outsourcing quality/communication issues: SFX team)	Project Mismanagement	Brown et al.
System Shock 2	1999	communication	Our primary animation source was motion capture data. We were nervous about the technology from the start and attempted to minimize our risk by concentrating primarily on humanoid creatures with a small number of interesting variants such as spiders and floating boss monsters. In retrospect, this was a very wise decision, as we had a lot of trouble even with this simple set of creatures. Motion capture technology and capture services were contracted from a local company, but unfortunately this company viewed its motion capture work primarily as a side business and did not display much interest in it. In fact, they cancelled this sector of their business during our project, and we had to fight hard to complete the sessions that we had already scheduled with them.	(outsourcing quality/communication issues)	Project Mismanagement	Brown et al.
Cultist Simulator	2019	team	Let me first just say: we worked with a number of freelancers on Cultist Simulator and they were all great. Our mistake was our freelance pipeline, not our beloved freelancers themselves. Ten different freelancers worked on Cultist Simulator, and most of them doubled up in some way (we’ve had three UI/tech freelancers, for example, and four people created our in-game art assets). This surprisingly high number is primarily because coherent, consistent production didn’t happen until the Kickstarter in September 2017: prior to that, Cultist had been this weird tinkery side-project Alexis had been playing with in his downtime in between his own freelancing gigs. We started off with some freelancers who then weren’t free when we came back to them six months later; other freelancers had their own projects and personal commitments which meant they weren’t always on tap. The end result is that we didn’t end up with the same level of consistency we’d have had if we’d commissioned fewer freelancers for the whole duration of the project. Next time, I think we’d be better off either committing sooner to ongoing, uninterrupted production, or waiting to work with freelancers until we had a constant development road ahead of us.	(outsourcing quality/communication issues)	Project Mismanagement	Brown et al.
Robothorium	2019	team	Not everyone on remote work was fitting. Remote can be great for some people, harsh for others. (...) The project wasn’t super easy & chill. The reshaping of the art direction was exhausting and took a lot of time. Some people didn’t really live it well! (...) People lacked a bit of experience so the production value is a bit weak, but they definitely learned a lot.	(outsourcing quality/communication issues)	Project Mismanagement	Brown et al.
The Banner Saga 2	2016	delays	In the meantime, the console porting company missed milestone after milestone. (...) As soon as the first major milestone was missed, we should have laid down an ultimatum and pulled the plug.	(outsourcing quality/communication issues)	Project Mismanagement	Brown et al.
Black The Fall	2017	communication	Any collaboration you have, from a device acquisition to closing contracts, always try to anticipate gray areas and ask the right questions just to rain check if things can go as you expect them to. More often than not we have expectations based on best-case scenarios, and real live development of events can leave us disappointed. Also, never assume you’re the first person in the world that’s had a particular issue or need. Anything can be Googled and there’s a nice indie community online that will share recommendations or give a piece of advice if they’ve encountered something similar. (...) If you need something from someone else, don’t expect them to drop everything and make you their priority. You don’t know what their agenda is and sometimes our initial messages can get lost. If you urgently need something from someone else, don’t be ashamed to follow up with them, or their colleagues, by email or phone. Or ultimately look for alternate solutions.	(outsourcing quality/communication issues)	Project Mismanagement	Brown et al.
Stubbs the Zombie	2006	team	We could have done a way better job of vetting potential suppliers. We got lucky and found some incredible people to work with, but our selection process had three problems. First, not every asset class that went into production had a shippable asset reference to go with it. We made it a goal to develop the first version of every object type (character, vehicle, environment, scenery, weapon) internally and send that as the level-setting reference, but we got a little too enthusiastic in some cases to wait for that. This made it difficult to set the bar for everyone. Second, not every contractor was required to submit a test asset. This was another goal we set, but again, we jumped the gun in a few instances, which was a mistake. Omitting this step allowed incorrect expectations to emerge and caused underbidding. In the future we’ll set expectations of quality and scope for potential contractors before they submit a bid and start working. Third, we underestimated how important good management and art direction is for contractors. We worked with one art house in particular that was stretched too thin and sold us on the A team, but gave us the B team. They experienced a bad cash flow squeeze during production, which strained our relationship. Additionally, their art director was not experienced enough, which made it really difficult for us to manage quality across their team. Had we discovered all this in the selection process, we would not have had to waste time replacing the contractor during the middle of production. (...)  We underestimated just how much time was required to manage contractor submissions. We knew it would be time consuming, but even with that expectation, the combination of art directing and art production was more work than we had time to do. We were short on producers and our artists were scheduled to produce content on their own. We didn’t have enough bandwidth available for reviewing submissions in a timely manner. We realized too late that our production phase requires an intense focus on the work coming in from the contractors. Focusing our internal efforts on the contractor feedback loop should have been a higher priority for our art direction team. (...)  	(outsourcing quality/communication issues)	Project Mismanagement	Brown et al.
The Banner Saga 2	2016	team	The bulk of their team left the company, leaving the entire weight of the project on a single capable developer. The company hired several short term programmers, each of which jumped ship shortly after coming on board. After 6 months of turnover and churn, the porting company finally threw in the towel and abandoned their contract.	(outsourcing quality/communication issues)	Project Mismanagement	Brown et al.
AuroraBound	2017	cutting-features	If you read my previous blog posts, you’ll know that I developed AuroraBound in my spare time and, in what can only be described as a game development miracle, it kept pretty much to the original estimates of 6 months for development. To do this, the core game design and mechanics were purposely kept as simple as possible and any ‘extra’ features that weren’t absolutely needed were brutally cut. When pre-production started, the rough goal was actually to make a space based RPG with a ship building & combat system loosely inspired by the Galaxy Trucker board game. The first thing prototyped was the ship building mechanic however - where you can only match up square component based on their connector types. I realized I was having fun just matching colored squares in a little grid and decided to cut everything else from the concept after a day or two and just focus on that. Not the easiest decision I have ever made, but since the main goal was to release a finished game, it was the right choice.	(personal/health issues impacted the production: designer decided to scale down the game, since it was a study game)	none	none
Renowned Explorers	2016	team	I took it especially hard at the time. I didnt really agree with the philosophy or the way the projects were handled, had a lot of money on the line, and I had just overcome my minor impostor syndrome as a designer and director, just to be pushed back. It went as far that the combination of emotional stress and a lack of sunshine provoked a stress attack, requiring an ambulance to check up on me.	(personal/health issues impacted the production: game dev had to overcome psychological hardships during development)	none	none
The Italian Job	2002	team	During the final stages, just two weeks before submitting the gold master, Robin, one of our programmers had been working over the weekend tying up some loose ends. He left the office, got into his car and started on his way home, meanwhile some delinquent joyriders were screeching around a corner so fast, they had veered onto the opposite side of the road resulting in a head-on collision with Rob. The rest of the team found out about the accident on the following Monday morning, Rob was in hospital, strapped down so he couldnt move. The news from his mother was, he could have seriously damaged his spinal column and the fear of Rob being paralysed was in the air, everyone was in anticipation of the X-ray results. A call was received later that day, again from his mother, the doctors said he was in the clear but he wasnt allowed to move and had to stay in hospital until further notice, a sigh of relief was heard from everyone in the office. Luckily, after a few days he soon started to recover and was sent home to rest, we sent him cards and joked about ideas of how we considered transporting his PC from the office to the hospital and rig it so he could look at a screen and code while still being laid on his back -- we wouldnt really do a thing like that.	(personal/health issues impacted the production: one of the devs suffered a car acccident during the game's development, which resulted in small disruption in production)	none	none
Doom	2013	security	Alpha and beta leaks have plagued Id from the beginning, and Doom was no exception. In the early development stages of Wolfenstein, there was an idea to have a contest where whoever found a secret room hidden somewhere on one of the levels would win $10,000. But the first person to call up was a pirate who called during the beta testing cycle, and the whole prize idea had to be scrapped. In the early development of Doom, an alpha version of the game made it into such wide distribution that people were asking the technical support staff why the sound didnt work on their machine. The reason, of course, was that sound hadnt been added yet. The most disconcerting story has to do with an alpha version of the Wolfenstein SNES cartridge that was given to handful of game magazine editors and somehow made into the hand of a pirate in Hawaii who was making black market cartridges. To try and keep this kind of thing from happening, Id has now set its beta policy so that games are password protected and tightly controls how many beta copies are distributed.	(piracy: beta was leaked and distributed illegally)	none	none
Goat Simulator	2015	scope	Once the requests started flooding in to make Goat Simulator into a real game on Steam and we started scrambling to finish the game until April 1st (because no matter how you think about it, April 1st is a hilarious release date and we just had to release it then). During these stressful months, the last thing on our minds was a mobile port. We had no idea if the game would sell well on Steam, as we were afraid that people would watch the game on Youtube and joke about it, but never buy it for real. We basically thought that we would release it on Steam first, and then if that goes well, we’ll release it on mobile. However, only a couple of weeks after the first video of Goat Simulator went viral, there were already clones on the App Store and Google Play that had millions of downloads. Some people actually thought they had bought the real Goat Simulator, and were emailing our Coffee Stain support mail once their app crashed. We realized that it didn’t matter if we wanted to make a mobile version of Goat Simulator or not, there were already mobile versions of the game out already, whether we liked it or not.	(piracy: mobile version was not initially planned, but studio decided to release it because pirates started making clones of the game)	none	none
Age of Empires II: Age of Kings	2000	security	Prerelease versions of nearly all games wind up circulating in pirate channels known as “warez”. This happened with AoE. Imagine our surprise at reading an entire review of the game (an alpha version) eight months before it was released. Fortunately, almost no one bothered with it until the game was properly released because nobody knew much about it. AoK was a completely different story. It was a highly anticipated sequel to a very successful game, and the various warez sites were tripping all over themselves to get a copy of the latest build. And get a copy they did. They were usually only one or two weeks behind our latest build. It seemed as though copies were leaking out from every imaginable source — play-testers at Microsoft, previews sent to magazines, even internal sources. Unfortunately, positively identifying and fingering the culprits was almost impossible. There were hacking attempts on our FTP server and network, though the real rub came from the pirates in Hong Kong and Singapore. They took the warez versions of AoK, burned them onto CDs, added some cover art, and sold the game throughout the Pacific Rim. In Korea, the CD vendors operating in front of Microsoft’s headquarters had a warez version of AoK for sale. Warez versions were even turning up on eBay. Though we doubt bottom-line sales were hurt much, our pride certainly suffered. Any of our future games will probably require connecting to a secure server of our own design to operate, even for single-player games.	(piracy)	none	none
AuroraBound	2017	team	When work started on AuroraBound, I was determined to finish and ship the game and not just add it to my huge list of unfinished prototypes and side projects. To do this, I adopted a hard and fast rule of working on it every day for 1-2 hours ( more on weekends ). I generally didn’t allow myself any exceptions to this unless something unavoidable came up. I also never allowed myself to work for more than 2.5 hours on a given day, no matter how well or poorly things were going - I don’t crunch to finish projects, ever. This gave a clear amount of development time for the project, since the target timeline was six months, and it was possible to design, estimate and cut features to hit that target. At first, the system seemed to work very well, but about halfway through, I started noticing issues - my attention and motivation were lagging and the temptation to ‘just take today off’ was getting stronger. It wasn’t due to the work being done though - individual features were being finished every day or two and I was regularly swapping between different types of work (and if I really didn’t want to work on something, I just cut it). The simple fact was, I was burning out.	(procrastination: due to burnout)	none	none
Garden Wars	2017	team	I wrote a fairly honest blog post about laziness and procrastination, but it seems I am still not extremely disciplined myself. Its quite hard to develop on a fine day at home when there has been a lot of bad weather and there is a lot of work outside that needs doing. And if Im honest, I have to say that when development gets tough, its much easier to just play a game of Age of Mythology than to actually solve the problem! Im also partial to a round of golf, which is very easy to come by here. I shudder to think how much time in total was spent on these kinds of things - I dont think it could all be cut out and replaced with actual development, but a lot of it could.	(procrastination: due to indisciplined developer)	none	none
Garden Wars	2017	multiple-projects	I spent quite a lot of time expanding on ideas for the next project, and doing prototyping. Particularly when I had run into a tough problem on the current game, its much easier to just think about something else. 	(procrastination: when the dev found a problem in one project, he would just move to the other)	none	none
Crackdown	2009	delays	Microsoft has a policy of reviewing all its titles one year out (OYO). Crackdowns OYO was in October 2005. In our view, progress and control was sufficient to agree that we were indeed looking at a completion date approximately one year later. Microsoft, on the other hand, preferred that the title hit before financial year end: We were faced with the unenviable task of driving toward a fairly hopeless May 2006 deadline. As May approached, the spotlight moved to August, and when that evaporated, the sights were set on a tight but realistic October deadline. Eventually we slipped past our original OYO estimate by two months.	(publishers/management insisted on an unrealistic schedule)	none	none
The X-Files	1999	communication	This top-down approach to management worked into project scheduling as well. Time and again, developers were told that the schedules they wrote for the project were unacceptable. The schedules that were eventually agreed upon were largely emotional compromises made to avoid more conflict. This unfortunate situation hurt everyone involved, since the success of both the team and the company depends on its schedule being as accurate as possible.	(publishers/management insisted on an unrealistic schedule)	none	none
Fallout Tactics	2001	planning	Originally, we had 12 months from starting the design to delivering the gold master. If you take off a month for initial design and a month for QA, that only leaves 10 months for the development of the game. We made our first deadline, E3, but after that we were constantly slipping. (...) When I first joined the project I produced a Microsoft Project document for the game. The Gantt chart still hangs on the wall downstairs as a testament to the hopelessness of our original goals. Two weeks for pathfinding and six weeks for AI seem hopelessly unrealistic now, but at the time we had no choice if we were to meet our original deadline.	(publishers/management insisted on an unrealistic schedule)	none	none
Kleptocats	2017	multiple-projects	Unfortunately, The Balloons (the prior project mentioned above which failed financially) was still under development during our exploration and our boss thought the prototype was kind of silly. So, before we got to explore these ideas further we archived the prototype in our “to do” folder.	(publishers/management insisted on changes to the project: boss told devs to put the idea on the drawer for a while because he did not believe it would be productive to work on it at the time)	none	none
Scarface: The World Is Yours	2007	delays	Though unavoidable and clearly for the greater good of the game, the change of direction for the project midway through development brought about by a six month extension to our Alpha date, and presented challenges for the dialogue system and for the flexibility of the content we had already recorded.	(publishers/management insisted on changes to the project: sound asset re-work was requested by the new manager who entered the project after a management change)	none	none
Ratchet & Clank	2016	communication	Cross-country collaboration - We’re not being glib here. We have to list this in both categories. It was the single biggest win for the project, but it was also the single biggest source of pain. Why? Because culture. (...) The cross-studio strike teams, on the other handed, proved more challenging. Despite everyone’s best intentions, iteration time slowed down thanks to time zone differences and communication overhead. The impromptu brainstorm meetings that are the backbone of our work became formal and rigid.	(team scaling issues)	none	none
Call of Duty 2	2005	communication	To lessen the blow of change, Infinity Ward focused on increasing communication as employment increased. Mandatory Monday meetings quickly became the forum for everyone to check in and learn what others were working on. The meetings, he said, would give people “a pipeline into management.” Layers of management were created. Roles for both associated producers and full producers were granted. Key employees from previous projects were promoted to leads in order to keep them involved in their areas of expertise (for example, architecting the systems) but empower them to portion out tasks as well. The next step is to hire an events person to organize spirit-building events, like barbecues, movie outings, and write a company newsletter. Collier hopes that more fun and more events will help the small-team culture prevail even in the larger structure. “As people know, building up a company very quickly is a very dangerous thing to do. You can be successful at a certain level, but then it quickly becomes hell in a handbasket.	(team scaling issues)	none	none
Call of Duty 2	2005	team	In discussing the changes at the employment level, Collier seemed slightly wistful of the days when, with only 25 people working on one project, one common goal, the team could “turn on a dime” and had a “family atmosphere.” “Everyone wanted to be successful,” he said of the corporate culture of yesteryears. “That whole small company culture is all precious and dear, and we tried to hold onto that culture as long as we could,” but it was “impossible after 50, 60 people” were in the team, he said.	(team scaling issues)	none	none
DoTA	2003	team	While the small size of the development team was advantageous in many situations, it also posed some unique challenges that many games arent faced with. There werent enough available hours between the team members to properly test each new release, so versions were sometimes released with bugs that needed to be patched immediately.	(team understaffed/scaled down)	Project Mismanagement	Brown et al.
Dead State	2014	team	Most RPGs I have worked on have had a minimum of about 25-30 people working on the game for most of production, while Dead State only had about 8-10 at any time. Without the ability to bring on additional team members, it meant a lot of us were working extremely long hours and were wearing multiple hats throughout development. (For example, for most of the project I was the only fulltime designer, the project lead, the business guy, the level lead, the lead writer, the systems and combat lead, and an additional scripter.)The lack of additional personnel slowed the development of key systems and created bottlenecks for both the creation/refinement of those features, and for getting feedback from key team members.	(team understaffed/scaled down)	Project Mismanagement	Brown et al.
Rollers of the Realm	2014	scope	 Staffing was also challenging: From our original six-month concept through to finding financing for the full game we lost many of our original team members as they found full-time industry jobs. Onboarding dozens of parttimers and contractors in the early days of our prototyping was an expected, but nevertheless a strain. Our lead programmer position was also a bit of a revolving door, with four lead programmers coming on and off the project over the development cycle. This cost time in bringing each replacement up to speed and resulted in legacy code kicking around that they were wary of removing. We really couldnt avoid the long development cycle for this project, but there is value in keeping them shorter when possible.	(team understaffed/scaled down)	Project Mismanagement	Brown et al.
Brütal Legend	2010	team	As Brütal Legend moved into production, it became clear that the team was understaffed in key implementation positions. To meet this need, we reallocated positions set aside for facilitation hires (such as design and production) to staff up more implementers (such as animators and programmers). While it was necessary to staff up on implementers, we failed to recognize until we were deep into production that our overall efficiency was reduced by this personnel trade, due to the statistical increase in designs that had to be reworked, an up-trend in management oversights, and general miscommunication. The price of understaffing the design department meant that we were often implementing ideas that had only been loosely discussed, before the feature had been fully planned. Serious flaws were sometimes discovered only after a feature had been partially or fully implemented. This also meant that there was always a hefty backlog of decisions and specifications, even before adding in the rework required after false starts. Since it is often at the top of the dependency chain, bottlenecking design had a deleterious impact on the rest of the team, especially considering our broad game scope. 	(team understaffed/scaled down)	Project Mismanagement	Brown et al.
Bioshock	2008	planning	We knew from the start that wed have to make late changes to really bring the game to life-we had even built our original schedule to allow for six months of finalizing-but the amount of change that we ended up needing seriously exceeded our remaining schedule. Ultimately, we were very lucky to get an extension in the eleventh hour. (...) Our goals and vision pretty consistently overreached our production capacity. Ideas that started out small turned out to require a tremendous amount of coordinated support to reach a polished state. Although we were able to add resources regularly and make some cuts late in the game, our ability to plan for how much work it would take to bring any single idea or space from concept to completion was poor. In addition, we didnt have an effective internal review process set up until very late in the development cycle. We would work on levels to the definition of a milestone, get feedback, and then set it all aside for a while or leave it in the designers hands to polish. It wasnt until we created a more regular review cycle, where all the key players sat in one room and watched the gameplay session and someone logged all the bugs, that we were really able to define the amount of remaining work to bring a feature or level to completion.	(team understaffed/scaled down)	Project Mismanagement	Brown et al.
The Banner Saga 2	2016	team	A downside to having a small team is that each member is responsible for a wide variety of tasks. (...) 	(team understaffed/scaled down)	Project Mismanagement	Brown et al.
SpecOps: Rangers Lead the Way	1999	team	The last thing that I expected was that it would be hard to find good programmers in Seattle. I was hired at the start of SpecOps’ development and didn’t manage to bring the entire programming staff on board for nearly seven months. Needless to say, this caused substantial delays. We had similar problems hiring the art team. During the first months, the employees we hired burned out because they were trying to accomplish the duties of several people. I’m not sure what can be learned from this, but planning around such problems in the future will save some headaches.	(team understaffed/scaled down)	Project Mismanagement	Brown et al.
Sins of a Solar Empire: Rebellion	2012	team	Despite what we generally considered a smooth and successful development cycle, we werent without our fair share of setbacks. For the first six months of production, one person was juggling design, project management, and a number of significant project-external responsibilities. They were -- obviously -- overtasked. It led to a lack of communication on scheduling between studio management and the development team. Initial estimates for the number of artists required were too low, and the project was starting to fall months behind schedule. (...) Further complicating early development, a key employee we planned to assign to the Sins: Rebellion art team left the company. This individual had been the go-to artist for working with the Iron Engine for the previous expansion pack, and had valuable experience working with the more technical aspects of that toolsets art pipeline. When they left, we had not yet staffed the art team, and there was no obvious person to transfer that knowledge to. Additionally, they were still assigned to another project within the studio, which took priority over documenting their pipeline knowledge in the weeks before departure. (...) One of our engineers was tasked with implementation of this major graphics feature, despite being unfamiliar with Iron Engines graphics tech. This led to burning over three months of an engineers time because this misallocation of a task wasnt identified and reassigned to Ironclads team earlier. Setting a clear milestone to evaluate the progress of major or risky features would have found and fixed this issue early on.	(team understaffed/scaled down)	Project Mismanagement	Brown et al.
Pixeljunk 4am	2013	team	Unfortunately, with the small team size and time restraints, we really couldnt give the beta the time it deserved.	(team understaffed/scaled down)	Project Mismanagement	Brown et al.
Riptide GP	2011	team	We didnt start out intending make Riptide GP with just the two of us. Id thought I might contract out a month or two of artwork, and we had some budget allocated for things like sound design and music. But because we were partially funding Riptide GP out of our own pockets, we were powerfully motivated to keep costs down. And because our schedule was so tight, we felt we couldnt afford the time it would take to manage outsourcing. So we just went full steam ahead. My schedule was pretty much filled from start to finish with art tasks, but as it turned out, Ralfs programming schedule started to open up once he got past the graphics engine optimizations. He ended up taking on a ton of miscellaneous content tasks, including sound design and music curating (we sourced most of it from online stock sites like Audiomicro), screens flow scripting, and even some particle effects. The problem as always with a very small team -- in our case, a very, very small team -- is that there is virtually no wiggle room for unforeseen variables. We went from three week Scrum sprints at the start of the project, to two week sprints, to one week, and towards the very end we tossed Scrum completely and just went with prioritized task lists, squeezing as much as we could into the time we had. As hard as it was, it was creative, rewarding work, and somehow we managed to get it all done on time. But the process wasnt always pretty.	(team understaffed/scaled down)	Project Mismanagement	Brown et al.
Shadow Tactics: Blades of the Shogun	2017	team	Our players and the Mimimi team would expect the DLC to be on the same level of quality as the main game. That means that our most experienced team members would have to be heavily involved instead of, let’s say, just finding an outsourcing partner or hiring new personnel. But everyone is already on the new project, which has even higher expectations to fulfill, and we are neither fans of crunch nor did we find any available cloning devices. For the sake of simply making sure that our new game won’t disappoint, we have to stay focused on one big task. So while the financial aspect plays a role, the dealbreaker here is really the available time we have. We would never consider releasing a subpar DLC just to make money. We probably should have done the DLC right after release, but hindsight is easier than foresight, and at that moment it simply didn’t happen.	(team understaffed/scaled down)	Project Mismanagement	Brown et al.
Spider-Man	2013	team	Some of our other problems can be traced back to staff size. When the project started, we had about four programmers, four game designers, three modelers, one texture artist, one producer, and one creative director. NGL was only in our imaginations at this point. Treyarch was eagerly looking for more staff, but staff doesnt just come out of thin air. Most important, we didnt have a concept artist, we didnt have a writer, and we had so many people working on the proof-of-concept that we didnt really have someone to come up with a full design. Later, when we rolled into full production of our inadequate design, things got even worse, because some of our veterans were taken away to work on other projects, without adequate replacement. Eventually we were fully staffed and then some; we had more than 40 people at points during the project, and more than 50 worked on it at one point or another. We had to make up in the end for what we lacked in the beginning.	(team understaffed/scaled down)	Project Mismanagement	Brown et al.
Star Trek: Voyager -- Elite Force	2001	team	Not enough programmers. For the first half of development, there was mainly only one programmer working on scripting, enemy AI, teammate AI, pathfinding, and the animation system. This programmer was also writing all the dialogue, and it became necessary for him to relinquish other programming duties in order to finish writing. Unfortunately, we didnt have any extra programmers to help.	(team understaffed/scaled down)	Project Mismanagement	Brown et al.
Stellaris	2016	team	We had a tiny team making games in 24 month (or often shorter) cycles	(team understaffed/scaled down)	Project Mismanagement	Brown et al.
The Blackwell Convergence	2009	team	I had a brilliant idea. I was going to create a bunch of short animated cartoons starring the two characters from the game and start spreading them around the internet. Curious about the characters in the cartoons, people would come to the website to learn more about them. (...) I was a bit naïve, and I figured I could just hop onto Newgrounds and find some budding young animator who would be happy for the opportunity to make these in return for a bit of cash. I found some soon enough, but not a single one of them followed through. In the end, I ended up hiring a professional animation studio to do them. They gave me a generous rate, but even still I could only afford to make three of the cartoons and I had to severely limit the amount of animation in each one. (...) I had to -- gulp -- actually do some marketing and PR work myself. This forced me to become much more self-reliant, as I explained above. (...) Being an indie studio made up of me and a couple of freelance artists, there are limits to what I can accomplish.	(team understaffed/scaled down)	Project Mismanagement	Brown et al.
Tomb Raider: Underworld	2009	team	We were also understaffed in certain areas due to slots on our team being held for team members who were still finishing up Tomb Raider: Anniversary. In the end it was as though we planned to have a concept phase, a prototyping phase, and a preproduction phase, but in practice only did some concept, some prototyping, and then jumped straight into production before finishing preproduction. (...) We also had an unusual number of weddings, honeymoons, production babies, and untimely departures on this project throughout the team, but most painfully among the discipline leads. We lost our art director midway through production; not to another company, but to another industry, so there wasnt much we could have done about that. We lost our lead designer toward the end of production when she had a baby; also something we couldnt have done much about (nor would we have wanted to, as the baby is beautiful!). And most tragically, our lead level designer died suddenly during the first half of production. These key figures in our effort were extremely valuable not only because they were smart and capable, but also because they were a part of the success of Tomb Raider: Legend, and therefore knew intimately how to make this kind of game. People like that are rare, because Tomb Raider games are hard to make for many reasons, and in the timeline we were under, they were irreplaceable. We compensated for these losses with people on the team assuming new responsibilities to fill in the gaps, and some of these team members did amazing work and really saved us, but theres no denying that we would have had a much smoother production and a better end product without these losses.	(team understaffed/scaled down)	Project Mismanagement	Brown et al.
Tony Hawk Pro Skater (Dreamcast)	2000	team	When QA begins you can measure how quickly bugs are being reported and how quickly they are being fixed. This data can be used to give you a rough estimate of how long it will take to finish the product. For example, you might find that QA is averaging 20 bug reports a day and your programmers are fixing 10. If there are 400 bugs, it will take roughly 20 days to find them all and 40 days to fix them. In our case, we discovered that we were fixing bugs faster than QA was reporting them; we had a backlog of internally reported bugs to keep us busy, but eventually we were going to catch up to QA. Greg screamed at Crave for more QA, but there were plenty of days when the programming staff was idle while we waited for bugs to trickle in. QA became the bottleneck on our schedule; if they had found the bugs sooner we could have shipped sooner. QA was lacking in both quantity and quality because there were not enough guys on the project and they were not covering the game adequately.	(team understaffed/scaled down)	Project Mismanagement	Brown et al.
Ratchet & Clank	2016	team	Finally, on the leadership side, we discovered that our flat hierarchy and reliance on individual empowerment doesn’t always work for remote development. (...) We had the opportunity to extend development by several months. But most of the production team needed to roll onto other projects based on our original Gold and besides, we didn’t have the headroom in the budget to accommodate a significant increase in labor. (...) We had only two programmers responsible and for the last few months, only one designer.	(team understaffed/scaled down)	Project Mismanagement	Brown et al.
Star Wars Starfighter	2001	team	Try as we did to manage staff retention, the team experienced an alarming amount of turnover, both in the programming and art departments. This invariably made life harder for the people left behind, because the amount of work remained constant, but team members could not be replenished as quickly as they were lost. This also meant that many of the teams junior staff members missed out on valuable mentoring or experienced spotty supervision by their leads. On the programming team, senior programmers were so busy that we had little time to train new team members. This led to a stressful sink-or-swim mentality, which was difficult for new hires. Even relatively simple quality-control procedures such as code reviews were never instituted, since every moment of every day was dedicated to making forward progress on the game.	(team understaffed/scaled down)	Project Mismanagement	Brown et al.
Warhammer: End Times – Vermintide	2016	team	It’s certainly difficult to estimate a 2.5 year project’s exact needs in terms of staffing, and we learned again that time spent planning resources is never wasted. Despite our best efforts, certain positions were understaffed, which hampered the process or led to unnecessary delays. For example, we had too few designers in the project’s early phase, and on the production side only one. We could have definitely put two additional producers to good use. Another mistake was not continuously reevaluating the project’s needs and composition: as the team grew we didn’t properly adjust the lead structure, which led to periods of unclear communication and leadership. When it came to the final push to release the game, we were somewhat unprepared in terms of HR planning. Although several key project members became overworked in the last month of the project, we had reasonable overtime before that and no extended crunch periods. Every project, especially of this size, will be noticeably strained during the chaotic release period, which requires extra attention to scheduling and communication. (...) But, we should have had extra staff and outsourced resources on standby in case the release exceeded projections. Everyone on the team worked day and night answering questions at the help desk. As it turned out, our response times were very good, but it strained a team, which had just gone through a hectic period before the release. (...) Stability in the project up until spring/summer 2015 was unacceptable. There was an understandable frenzy to get things in and done, and it wasn’t properly balanced with resources fixing things that were broken. The number of people testing and working on bug fixes were too few in comparison to the large amount of features and content that had to be added to the game all the time.	(team understaffed/scaled down)	Project Mismanagement	Brown et al.
Star Trek: Hidden Evil	1999	planning	Half way through the project we realized that we did not have the manpower to finish our level instancing. (Level instancing is how we refer to level construction, setting up doors, placing enemies, etc...) Now while this might sound odd to those that come from companies creating Quake clones, remember that Presto Studios has been making prerendered Myst style games for years. Until we ventured into real-time 3D, creating levels was the job of artists who worked on scenes with millions of polygons. Creating low level geometry and placing door logic requires different, more engine specific skills. So we hired two people who were working towards their degrees in computer science to help us lay down the logic needed to make our 3D worlds come to life.	(team understaffed/scaled down)	Project Mismanagement	Brown et al.
Magicka	2011	planning	Back in the days when we crafted our first budget and milestone plan we had the development of Magicka ironed out to five full-time developers working for six months. Fact: Magicka took eight full-time and between two and four part-time developers 24 months to barely finish. Our initial estimate was off by more than 700 percent. One would think that an estimate thats so horribly wrong as this one wouldve been caught and adjusted.	(team understaffed/scaled down)	Project Mismanagement	Brown et al.
City Conquest	2013	team	We realized in May 2012 that our team was stretched too thin to be able to implement and test multiplayer properly. We had a relatively solid first-pass multiplayer implementation in place, but our discovery-driven plan was telling us that multiplayer was a huge risk and required much more attention. At the same time, multiplayer was non-negotiable: it was an essential part of the games vision and added far too much value to the project to consider dropping it. We brought on the Full Cycle Engineering team to replace our proof-of-concept netcode with a serious multiplayer implementation. The multiplayer undoubtedly is a far better experience now than it could ever have been without their contributions. However, we should have recognized the bottleneck and brought the Full Cycle team on board much earlier than we did, and we should have focused on Wi-Fi from the outset rather than experimenting with cellular. The tasks involved were huge and this development effort would have benefited enormously from a much earlier start had we been willing to admit sooner that we needed the help.	(team understaffed/scaled down)	Project Mismanagement	Brown et al.
Brothers in Arms	2008	team	Having small development teams means everyones time is in high demand. We had managed to keep the team intact up until the end of the project, when we made the mistake of ramping down too quickly. As soon as we submitted to Nintendo, we reduced the team size. The result was that members of the team ended up bouncing between projects towards the end of Brothers in Arms: Double Time as the game came back from submission and required more work. We had to shift resources to make sure we had the coverage we needed, which added to the distraction of submitting and then regaining the staff to respond to results. We took the gamble and lost here, and the lesson we learned is to give the project lifetime its proper due in all aspects, including submission and staffing.	(team understaffed/scaled down)	Project Mismanagement	Brown et al.
Myth: The Fallen Lords	1997	team	On the flip side, it became clear very early in the project that we were understaffed for such an ambitious undertaking. Success or failurerested with a handful of people, and that was extremely stressful. Losing a programmer halfway through development added still morepressure during the final push to get the game out the door. Additional programming tasks had to be shouldered by the remaining developers,who were already also responsible for level design. To alleviate the problem somewhat, we even found it necessary to ask our busy networkadministrator to aid in AI scripting and level design.	(team understaffed/scaled down)	Project Mismanagement	Brown et al.
Dungeon Siege	2002	delays	Learning and ambition aside, our schedule first slipped considerably when three out of the six engineers left the company about a year into the project. They each had their own reasons and they didnt leave in unison, but the blow dealt to our planning put the engineering schedule into a permanent state of shock. After that first year, the turnover at the company was very low, and it certainly wasnt the only culprit regarding the slipping schedule. In order to make a competitive title that was original, we essentially had to invent new features that we would use to compete with existing games. This goal simply required a lot of research, which is inherently difficult to plan or schedule.	(team understaffed/scaled down)	Project Mismanagement	Brown et al.
Black & White	2001	crunch-time	The project was too big. Black & White got to be so large that we almost felt lost within the code. In fact there are well over a million lines of code within the game. Loading up even the most simple of the smallest tools would take many minutes, and compiling the entire game tookover an hour. This meant that toward the end of the development phase even a tiny change could take a whole day to implement. Checking in changes and rectifying errors was a nightmare. We eventually decided to limit the checking-in to one machine, and we implemented a buddy system whereby nothing was done without an onlooker checking it at every stage. This put a stop to tired people checking in changes at four in the morning and finding that, instead of fixing something, theyd actually caused further problems.	(testing issues: codebase grew too large and disorganized, so it was hard to test)	Project Mismanagement	Brown et al.
Soldier of Fortune	2000	planning	Something that seemed like a great idea at the time but turned out to hurt us in the end was the decision to make specific OEM releases before the game was truly finished. The main reason for this was that we looked at the revenue that would help the bottom line instead of considering how much it would set back the game.Because there were both regular and low-violence versions of the game, we needed to make several different builds for the different violence levels and test each build accordingly. In the end, we had roughly 75 QA submissions. While each OEM and demo iteration helped bring more of the game together, it also diverted our attention from the final product. As we were tweaking and fixing the OEM versions, full production would come to a standstill as we focused on getting the smaller versions out the door. (...) Originally, SoF was scheduled to ship in July 1999. Activision wanted to avoid releasing SoF in the blast zone of competing FPS titles that were shipping that year, so they extended the deadlines on the game. As our competitors titles were pushed back,so was SoF. Although within these deadlines we had schedules set up and planned out, this caused a never-ending uncertainty of how much time we had left in the project and how much technology we could add or change within that time.	(testing issues: devs had to deal with the production and testing of different versions of the same game)	Project Mismanagement	Brown et al.
System Shock 2	1999	planning	In addition, we made a classic beginners mistake and failed to provide adequate time for tuning in response to play-testing feedback. In System Shock 2 this was particularly important because the ability of the player to re-enter levels means that the difficulty of a level cannot be adjusted in isolation from the rest of the game. Often we had to impose global changes across all levels, which could be very expensive even when the change was relatively minor. (...)	(testing issues: playtesting was made, but the received feedback was not applied to improve the game)	Project Mismanagement	Brown et al.
Splinter Cell	2003	delays	Splinter Cell provides the player with so much freedom that it is difficult to hide problems, especially problems related to AI behavior. Sam Fisher, the players character, is equipped with a wide range of gadgets that players can use to observe and interact with NPCs. One major risk we constantly discussed during the making of Splinter Cell was how to debug the AI. As early as the Alpha stage we foresaw risks in debugging the AI system, and it remained risky up until the end of project. In fact we had to delay the first focus-group playtesting session because the game was full of AI-related problems.	(testing issues: the production was delayed due to difficulties in debbuging the AI system)	Project Mismanagement	Brown et al.
Star Wars Rogue Leader Rogue Squadron II	2002	communication	While we had pretty good turnaround times getting completely new sound effects into the game - as much as in-game material was concerned - the data path and the way the music was linked into the game did not allow for any fast preview cycles for streamed or MIDI-based pieces of music. Due to time constraints, we had been unable to implement tools that would have allowed adding or changing pieces of music without rebuilding the program code. Furthermore, most pieces of music are triggered from scripts designed by level designers, which meant we always had to coordinate three people in the process: a programmer, a level designer, and the musician. In the end we coped with the problem to some extent by simply setting up a schedule defining when a new music update would be done. The musician was able to audit his score without the integration into the game on a prototyping tool at any point in time and with minimal turnaround times. The schedule made the problem somewhat manageable for all parties involved, but it was still a far cry from being a good working environment.	(testing issues: the test and validation for sound/music in the game was a long and complicated process)	Project Mismanagement	Brown et al.
Knightly Adventure	2013	team	Unfortunately, our testing did not reveal some key issues in our largest market -- North America. By conducting QA where our devs were (Korea) rather than where most customers were (U.S.), we failed to spot some tech issues that were an issue at launch. That was a big oversight, and it bit us in the end like a dog going after a mailman! South Korea has much faster and better-integrated internet infrastructure than does the US, and this made us underestimate some issues we would have in the US with downloading and syncing performance at launch. Downloads that seem fine at 20 Mbits per second are much more vexing at 1.5 Mbits/second. During spot-testing in the U.S., we thought the issue was that the development servers we were playing from were based in Korea, but the issue turned out to run deeper than that. Going forward, we are doing QA in North America using a service company. This gives us another channel for external feedback while also insuring that testing is closer to the reality experienced by our players. Lesson learned!	(testing issues: they missed some used cases because the testing was made in a region different from the target region)	Project Mismanagement	Brown et al.
Last Call	2001	communication	Over the course of the project, we built an adversarial relationship with the company hired by SSI to test Last Call. CutlerCreative LLC did not have the resources to test the title internally. Often, deliverables were sent to testing with see if it starts up testing. Our inability to simply delay the deliverable and to conduct half a day of testing on a stable version cost us weeks answering (and writing) angry e-mails from all parties. These are all standard beginner mistakes, but as the project spun out of control, tempers flared, pride reared its ugly head, and time was lost. A clear understanding from the outset of our publishers expectations would have helped somewhat. However, as mentioned, the scope of the project was ever-changing based on player feedback, tester remarks, and the like.	(testing issues)	Project Mismanagement	Brown et al.
Republique	2016	team	(...) we had five episodes worth of content to manage, but our QA team was the same size. Oftentimes with only two or three QA folks on the game, there just wasn’t enough time for adequate coverage.	(testing issues)	Project Mismanagement	Brown et al.
TRON 2.0	2003	communication	During our internal postproject evaluation, one topic that consistently cropped up was the inadequacy of our internal review process. Multiple elements drive the production of any project: an individuals task schedule, the milestone schedule with the publisher, the E3 demo and press schedule, and finally the teams internal progress evaluation. In a lot of ways the teams own evaluations can be the most critical, and it is here that TRON 2.0 suffered some bumpy times. In the beginning, we had in place a rather loose review system. It served the purpose of keeping the team on schedule to meet the necessary publisher milestones. What it failed to do was verify the projects overall quality and playability in a timely fashion. It was a strange sensation knowing that we were progressing according to the schedule but worrying deep down that we may not be hitting the mark. We eventually started to evaluate closely the work done by each team member at regular intervals, creating priority lists of subtasks that we felt were necessary to complete before the scheduled task could be crossed off. Toward the final third of the project, we had in place a very comprehensive review process that included weekly and sometimes daily reviews, a cross feedback system from all disciplines on the team, and an aggressive commitment not to falter, regardless of everyones tight schedules.	(testing issues)	Project Mismanagement	Brown et al.
Guacamelee	2013	communication	The bug that forced us to pull our first patch was obvious and severe. Here we identified a breakdown in communication between tech, QA, and production. The testing implications of changes in the patch hadnt been properly communicated to QA and a formal testing grid wasnt produced. (...) In retrospect we would have been well served getting additional QA help, or possibly external QA support late in the project when it became clear our internal testing was overtasked.	(testing issues)	Project Mismanagement	Brown et al.
Galactic Civilizations	2003	team	Early on, we had features sneak into builds that were buggy or wrecked the game balance. For instance, a user on our forum would suggest a feature and one of our developers would throw that feature in without telling anyone on our team, and consequently no one else would know to test that feature - including QA. Fortunately we had an open beta and we quickly learned the error of our ways. But quite a bit of energy early on was spent killing features or fixing bugs in unplanned features. So we switched to a much more disciplined system.	(testing issues)	Project Mismanagement	Brown et al.
Brütal Legend	2010	team	The same understaffing symptoms could be found in the production department. Producers are responsible for communication, for resolving dependencies, for ensuring the team works reasonable hours, and for keeping the project on schedule. They ensure that the road ahead is paved well ahead of the teams arrival. With insufficient staffing, some of the production responsibilities fell to the leads, or, absent that safety net, inefficiencies were handled with overtime and stress. (...) 	Absentee Manager	Absentee Manager	Laplante and Neill
Dead Head Fred	2007	team	Adam Cogan was one of the founding members of Vicious Cycle, and helped the company launch its first product in Robotech: Battlecry. We knew that we wanted a proven, talented designer to work on Dead Head Fred, but Adam had left Vicious Cycle to pursue his own creative interests in other media. We knew that Adam was our guy, however, so we convinced him to come back to the company to work with us to create this original universe. Due to Adam’s commitments, we worked out an arrangement that we hoped would give him enough time on the project while allowing him to continue his other work. The end result was an arrangement in which Adam would be here for a portion of every week. At the beginning of the project this situation worked fairly well. As the game progressed, the time that Adam wasn’t at the office became a bigger and bigger issue. This is through no fault of his own, as Adam was very dedicated to the game and made himself available as much as possible. A problem of dependency evolved from the fact that the Lead Designer was not in the office for one fifth of the development cycle. There are only two choices available if you want to make a decision when your designer isn’t there: make a decision without him, or put the issue on hold. We found that when we put issues on hold they stacked up too quickly and began to impact progress on the game. On the other hand, making a decision without your Lead Designer present introduces confusion for the development staff. To mitigate these issues we used the help of our other designers here at VCS -- Jim Richardson, Dave Ellis, and Jeff Friedlander. They helped to take on some of the large design tasks, like mini-games, the voiceover scripts, and the boss fights (respectively).	Absentee Manager	Absentee Manager	Laplante and Neill
Conduit 2	2011	multiple-projects	2010 was a very busy time for the studio. Along with our various publisher and licensed titles, we were developing two more original IP: Tournament of Legends and The Grinder. Their teams were exploring new game genres, working under strict deadlines, and had extensive management oversight. Meanwhile, the Conduit 2 team was trusted to essentially manage themselves. It was felt that, since it was the second version of a successful title, they could be given more flexibility and freedom in terms of running the project. It was only when the project started to fall behind schedule that upper management started taking a closer look at the overall state of the project. They quickly realized that it was not becoming the type of game that they had intended, and with deadlines looming, drastic action was taken, as detailed previously.	Absentee Manager	Absentee Manager	Laplante and Neill
Lords of the Fallen	2015	planning	We tried to counter the lack of a managing producer with building up management power at Deck13, firstly by establishing two-week sprints together with the publisher to have a clear overview of the tasks that were to follow next and to see early enough what would inevitably slip. Still, every sprint basically felt like the team would fail to meet the goals, and people were close to resigning, as they could not keep up with the psychological stress this was causing.	Absentee Manager	Absentee Manager	Laplante and Neill
Heavy Metal: F.A.K.K. 2	2000	planning	During the development of F.A.K.K. 2, we had a project manager at the beginning of the project and a different project manager near the end. There were 12 months of development time in between, during which we had little to no management on the project. There were members of the team that took on this role, but only in a limited capacity, as they had tons of other work to do as well. (...) Having a good project manager allows you to have a majority of the design details fleshed out from the beginning, schedule the correct amount of time for tasks, and have the appropriate number of people on the team to finish a game. 	Absentee Manager	Absentee Manager	Laplante and Neill
Sin	1999	team	Ritual is a new company and it went through a lot of growing pains during SIN’s development. Many new faces cameinto the company, and many left. Actually, it is only now that the dust has settled that any real sense of a bona fide team can be seen. Ournewly formed tribe felt little sense of cohesion, as most members were basically strangers to each other. A real team requires lot of faith andtrust in order to act as a unit while performing something as creative as game design. This fact was especially evident in our decision-makingprocesses. A clear vision was often muddled by too many inputs; settling on specifics often became impossible.	Appointed Team	Appointed Team	Cunningham
Gabriel Knight 3	2000	multiple-projects	GK3 became a black hole that sucked in many developers from other projects, often at the expense of those projects. Artists were shifted off the team to cut the burn rate, and then pulled back on later because there was so much work left to do.	Appointed Team	Appointed Team	Cunningham
Middle-earth: Shadow of Mordor	2015	team	One of our major challenges during the course of development was that Monolith Productions condensed a couple of smaller game teams that were finishing products into a large, single team set-up. (...) This meant that new team members had to be integrated together very rapidly, and new production processes had to be re-organized for best efficiency and results. Some team members also had to adapt to working on a new genre.	Appointed Team	Appointed Team	Cunningham
A Boy and His Blob	2010	communication	WayForward has been able to keep agile by using outsourcing for many of our needs, including sound effects, music, and art. The tradeoff is that you sometimes end up with communication problems. (...) Our art outsourcing groups delivered wonderful background art, but they didnt understand platform games. Our templates were not always turned into usable tilesets. This meant that our artists had to rework the art, which took time and delayed level design. Frame counts for animations sometimes turned out wrong, and the quality varied between animations that were obviously done by different people. With our in-house specialists, issues like this were much easier to communicate and iron out.	Appointed Team	Appointed Team	Cunningham
Wild 9	1998	team	I once heard David Perry say that the first Wild 9 team was a great collection of talented individuals, while the second was a talented team. This statement alone sums up the main problem encountered by the first team. As we found out later in the project, communication and good atmosphere were two factors that made this project move forward; it’s now obvious that the best thing to do was to start over rather than try to salvage a situation that was going nowhere.	Appointed Team	Appointed Team	Cunningham
The X-Files	1999	planning	The initial development environment for the port was plagued with systemic problems that were tackled by writing complex in-house tools that often acted as a band-aid rather than actually fixing the problem. Meetings were generally frustrating for all involved, and there seemed to be a lot of confusion about where the project actually stood. I have learned that this is generally a good indicator that things are not progressing well.	Band Aid	Band Aid	Cunningham
Sanitarium	1998	communication	Sanitarium is a huge game. A lot of people worked on it, meaning additional efforts had to be taken to coordinate and organize everyones labor. Familiarizing people with the vision of the game from an artistic and design point of view was a real challenge. Sometimes, keeping everyone on the same page seemed to be a chore, especially as new people came onto the project.A lot of time was spent getting people to understand the status of the project and the direction in which it was headed. A new artist would ask, Why am I making this one-eyed guy? and wed say, Didnt anyone tell you? We made the mistake of projecting time schedules as if new hires, following a brief training period, would be as competent as our most experienced people. Some of those experienced people were performing administrative and training tasks, and thus werent producing much art. (...) When you have a company of forty to fifty people, its impossible to do anything without rubbing someone the wrong way. Sanitarium was put together by a design team that in part came together naturally and in part was hand-picked by Chris Straka, our head of creative development. Individual employees (usually Chris) designed our previous titles. But we decided that team design would be the way to go. While team design has the potential to fracture the unified vision of a game, the various team members ultimately complement each others interests and goals, lending more depth to the game. This is a nice way of saying, The team argued a lot, but came up with better solutions as a group.	Blame Storming	Blame Storming	Cunningham
Uncharted: Golden Abyss	2012	communication	When issues were more complicated, emails often turned into protracted chains that devolved into buck-passing and finger-pointing. Heres an example from 2011: the original email is a list of issues found while playing through the Shanty Upper Village level. The text in red is a team members response, and you can see how the thread got out of hand from there. The obvious problem with email is if a problem requires team interaction, asynchronous communication probably isnt the most effective solution. Its too easy to punt the issue back and forth, or play the "blame game."	Blame Storming	Blame Storming	Cunningham
Amazia	2016	team	An online F2P CCG that was to handle many different features was a massive task. It was made even bigger by the fact that pretty much all the programming was done by one person. Thats not to say no one else did any programming ever, but the contributions were small and in the long run the team was hit hard by this constraint, especially towards the end where our programmer was getting somewhat tired. Its a remarkable achievement nonetheless and when talking to different publishers, both local and abroad, they were all astonished by the feat of completing the entire thing with all its features in one year. 2/6 That being said, as the designer on the team, there were many work-hours that I felt I wasnt contributing as much as I could. Now Im not exactly a programming illiterate, and I did code the different cards of the game which was the bulk of the content, but I could have been a sort of junior programmer as well, working on systems and other features. Maybe I could have done the tutorial, or improved the game feel. Our lead never agreed on training me, always arguing that it would take time and were just about to release and finish the job. This went on for months unfortunately so he wasnt justified in his assumption. Should the game had more than one programmer, we could have saved on time and money more and the power dynamics of the team would have been more balanced.	Carbon Copy His Manager	Carbon Copy His Manager	Cunningham
A Reckless Disregard for Gravity	2010	team	Giving our designers strong scripting tools was great, but it didnt mean they could generate all the content they needed. A level designer could fall through a level, dodging and weaving things like crazy. He could then hit a button and populate his fall path with scoring plates, knowing that players who followed that path would have fun. However, to add a simple, rotating fan blade to his level, he had to go to Ichiro, who would import the model, orient it, resize it, apply a skin, add it to the catalog, and script the rotating motion. Or, hed simply not do any of that. The problem seems simple when we think about it now -- having everyone go through one person was a painful bottleneck. This either prevented designers from making progress while they waited on him to implement something, or (worse), caused them to simply not think about level design outside the scope of what their tools could accomplish."	Carbon Copy His Manager	Carbon Copy His Manager	Cunningham
Descent 3	1999	team	Many systems, such as the graphics, AI, and scripting, were written exclusively by one person. This fostered a feeling of pride in a particular system, but it also caught us with our guard down when we found that one system was falling behind schedule. Our AI, for example, was very much behind schedule for the duration of the project because the programmer just had too much to do. This caused a ripple effect that was felt throughout the design of the game. After all, you can’t tell how a level is going to play if the robots that you’re fighting aren’t behaving at all as they should. (...) When we started work on Descent 3, Outrage had just eight employees on staff. Since some of the Descent II team left Ann Arbor to work at Volition during the project, we literally had to build the team and company at the same time we started production on the game. This resulted in a mixed bag of results ranging from pushing back larger projects or features until later in the project to adding multiple tasks to someone’s already full schedule.	Carbon Copy His Manager	Carbon Copy His Manager	Cunningham
God of War: Ascension	2013	team	As anyone whos built one knows, building a multiplayer game along with single-player is like making two separate games. The amount of attention required for mode-specific issues requires dedicated leadership for each game type. While we had the majority of the team fully dedicated to either multiplayer or single-player, some key leaders, including Todd and Chacko, were split between single-player and multiplayer. As we were getting ready for our big press announce, which exclusively featured a multiplayer reveal, our entire focus was on getting multiplayer ready for that. During that time, the single-player game got very little senior leadership attention. By the time we refocused onto single-player and toward our big single-player E3 debut, we ended up playing catch up, and then multiplayer suffered. We juggled this way through the entire project, which also resulted in slower decision-making than desired on most everything. Luckily, our team was able to keep the various balls rolling, but we can imagine it was very frustrating for them to have that pressure and lack of leadership from the lead producer and game director.	Carbon Copy His Manager	Carbon Copy His Manager	Cunningham
Kingdoms of Amalur: Reckoning	2013	team	Our cinematic team is awesome but very small. Much like most of our teams on the project, they have to produce more content than would normally be expected for a team that size. Not locking down the major beats of the main quest early really hurt the cinematics team. (...) When we were purchased by 38 Studios, we retained all of our senior management and development staff. The BHG studio was reporting to 38 Studios corporate, then based in Massachusetts. In July 2010, about a year into the development of Reckoning, five of the most senior studio management team at BHG left the company. This easily could have ended Reckoning in a lot of different ways -- the studio could have closed, or the game itself could have become a mess of unrecognizable trash. Luckily, that was not the case. Several people in the BHG studio stepped up to fill the leadership void so we could continue to make the game youll see at release.	Carbon Copy His Manager	Carbon Copy His Manager	Cunningham
Out There	2015	scope	Writing adventures, multiple choices, conditions, the balanced integration into the gameplay and then translating the whole thing into English was making my brain explode.	Carbon Copy His Manager	Carbon Copy His Manager	Cunningham
Romeo and Juliet	2005	team	We knew that one of the biggest risks coming into our project would be getting the amount of assets that we needed. Although our animator was extremely capable, there was only one of him, and the one of him that there was, was working on several projects at once. Because he was spread so thin, this meant that often times, he didnt have the time to do a second pass on animations that needed tweaking/modifications. It also led to us having to cut down on the amount of assets that we needed.	Carbon Copy His Manager	Carbon Copy His Manager	Cunningham
Dark Sun Online	1997	team	SSIs internal resources were severely limited for the project, which in turn made us far too dependent on external resources. On top of that, the contractors should have been better incented to provide quality work. In particular, the external programming group was competent, but not financially-motivated to do the job right. In addition, the external art group needed a great deal of hand-holding, and at the end of the day we still didnt quite get everything we wanted (...) 	Carbon Copy His Manager	Carbon Copy His Manager	Cunningham
Outrealm	2018	team	Let’s start with the biggest, most glaring mistake I made when developing Outrealm. Everything else pales in comparison to this one. Trying to do it all by myself. And I mean ALL. Everything from the coding, art, design, music and even some SFX (Although I did mostly use creative commons sounds!). (...) When developing Outrealm, I felt like I was spreading myself too thinly. I have always felt that broader work is more difficult than deeper work. I would rather do a large amount of one task, as opposed to smaller amounts of more varied tasks. I’m not sure if this is the same for everyone, so I’m chalking it down as a lesson purely about myself. Unless you are just starting out, or doing this as a hobby only, I would advise against going it solo. If you’re just tinkering with a new engine, or making your very first ever game project. However, if you’re in any way serious about game development or the product you’re making, then I would highly advise you to work with others. Those others could be anyone. A friend of yours. A publisher. But getting help will lessen the load by a huge margin. (...) If you are constantly growing and improving, then your work standards are also rising. So if you work on a project for long enough, you will eventually feel the need to redo your older work. This is a problem I had never encountered before, since I only worked on multiple smaller projects. As a commercial project, you have to release at some point. Which means that at some point, you will have to compromise with yourself. Nothing you create will ever be finished, it will never be perfect and it will never be representative of what you feel is your “best work”. That’s something we all have to accept eventually, otherwise we will keep working on the same project forever. (...) By limiting myself to a team of one, I was secretly hoping that when people looked at my game, they would say “Well, it’s pretty good for a game made by one guy”. (...) So what does this have to do with putting myself out there? It means from day one, I was afraid to put myself out there. Really show my skills with nothing to fall back on. I was absolutely terrified to show off my work. Thinking about it now, instead of giving myself excuses for failure, I should’ve given myself reasons to succeed. I had to stop sabotaging myself.	Carbon Copy His Manager: one-man project	Carbon Copy His Manager	Cunningham
Kingdoms of Amalur: Reckoning	2013	delays	For those keeping track at home, in five years we were bought and sold twice and changed the name and core features of the project three times. Needless to say, its been a long, strange trip. The rest of the postmortem will be restricted to the two and a half years we spent working on Reckoning rather than the two previous false starts.	Cargo Cult: changes of publisher and name	Cargo Cult	Cunningham
No One Lives Forever	2001	budget	It wasnt until some time after we had a signed contract until we had a stable team. Almost every aspect of the project was affected. We lost a product manager, two engineers (although, thankfully, one came back to the fold), and three 3D artists. Level designers came and went. Part of the problem owed to our publisher woes. On two separate occasions, what was effectively the cancellation of the project resulted in our not being able to hire people we were planning to bring aboard. Without funding for the game lined up, it made no sense to bring on new employees. Another source of instability for the team was the desire to provide stability for Monolith as a whole. In the aftermath of Shogo and Blood 2- which led to the restructuring of the company, the liquidation of our publishing efforts, and the resignations of a number of people either burned out by grueling development cycles or disillusioned by the problems that led to them-we had three projects entering development but only a handful of people experienced with LithTech, so we redistributed this modest wealth of experience to maximize our efficiency. In the full course of time, both Monolith and the NOLF team were better off, but it was a demoralizing, debilitating process, from which the team took months to fully recover.	Cargo Cult: restructuring	Cargo Cult	Cunningham
Stubbs the Zombie	2006	team	Our project director doubled as our producer. This was bad. We let a few aspects of production fall through the cracks and as a result ended up dealing with our scenery object build and the game shell during post-production. It’s hard to believe we didn’t have the foresight for this, but our model requires serious production management. There are tons of assets to track and multiple parties contributing to the process. To think we shipped this game without a full-time producer is nuts.	Confusion of Objectives	Confusion of Objectives	Cunningham
NyxQuest Kindred Spirits	2010	team	I know the many hats issue is a common wrong for indie developers, but it took me totally by surprise. I didnt expect the management, paperwork, and PR requirements of a video game took so much time. We had (and still have) to devote a lot of time to write emails, request reviews, prepare trailers and screenshots, and answer interviews. Having your own studio and being in charge of a project requires a lot of extra work and responsibility. Marketing, game pitches, managing employees, and company accounting requires a lot of work that needs to be addressed at the same time that you are developing the game. Most of the time I arrived home to continue with management and paperwork. It ends being a 24 hour job. Oh, and dont forget that you need to spend some time to clean the offices once in a while! After a few months we have the feeling that there are still a lot of people that havent heard of NyxQuest. Some magazines have nominated our game for Best Sleeper Hit, and theres a reason for that. Hopefully we will be able to address this issue, and be able to create more buzz for our next game. We wanted to create a nice blog, dev diary, and additional media content, but because of the enormous amount of work, we had to leave it for the future. Lesson learned: PR is a huge area that requires full time dedication. The more time you spent here, the better the awareness of your title will be.	Confusion of Objectives	Confusion of Objectives	Cunningham
Splosion Man	2009	team	Quite often it can be difficult and time-consuming to handle being an owner of the company, a manager, and a key team member all at the same time. Sometimes theres really just too much to do and it seems like everything is high priority. When working on Splosion Man, we found ourselves losing a lot of time from the games actual development to figuring out the marketing, designing and producing pitch materials for future projects, deciding company strategies, managing employees, dealing with press and fan emails, balancing our budget, managing outsourcing, and countless other things. Its a strange balance because all of these things need to get done; however, if the game itself isnt progressing then many of these things dont really matter. (...) Outsourcing has worked great for us on our titles, and partners like Nikitova, LLC and Virtuos art studios continue to help us on our games. However, on Splosion Man we ended up needing more outsourcing than we originally intended. Since our current outsource partners were busy creating assets for us, we turned to some other unproven studios that ended up not working out and ultimately created more work for our artists. Very early on during The Maw, we researched a number of outsource companies, had meetings, and ran art tests so we could determine their quality level. This helped us to determine who would be good partners that we could trust to hand off important character models over to. Fortunately for us, we had planned this time into our production schedule and it turned out to be great for us. On Splosion Man, though, we overlooked the need to research new outsourcing companies. Instead, we were forced to rush into some outsourcing partnerships that ended up not producing usable results, which generated additional work internally. We made this clear to the new outsourcers we were working with, but no amount of explanation got across this fact to them. In the end it was a waste of time and money.	Confusion of Objectives	Confusion of Objectives	Cunningham
Cel Damage	2002	team	Due to our relatively small staff, we had to put managers in the critical path of day-to-day asset delivery. These same people held crucial, unique skill sets. As you know, this is a recipe for bottlenecks that hamper development. One example among several was the role of our art director. We made this person responsible for overseeing the game art, scheduling his staffs workweeks while developing their technical expertise, modeling, creating the games interface, producing our cutscenes, overseeing interns, and distributing hundreds of art bugs. The time needed for one person to do all these things just wasnt available every day. Fortunately, we were able to create an art lead position to handle the staff and bug tasks. However, not every instance of over-tasking could be fixed by adding a new body. (...)We switched to a new publisher halfway through development. Going from Microsoft to EA was a mixed blessing. While we were able to improve gameplay and develop our own IP, we lost both our financial backing and our internal focus at a crucial time in the project. We were also forced to reinvent all of our art assets to avoid an IP conflict with Microsoft.	Confusion of Objectives	Confusion of Objectives	Cunningham
Natural Selection 2	2013	budget	We were perpetually broke. Theres no other way to say it. And as CEO, it was my responsibility to make sure the company had proper funding. But as a first-time CEO, my primary skill and interest lied in game design and development -- not finance, nor fundraising. But we were learning about fundraising as we went along. Unfortunately, not having any money is not a good position to be in raise more money. Legal expenses were exorbitant, so we handled the contracts and paperwork on our own as much as possible. And every time we started to run out of money, it was a huge burden to drop everything and try to raise more. It was like a wound that would never heal. Common startup advice says you should raise twice as much as you think you need. In our case, three or four times wouldve been better. The same work is required to raise $1M as it is to raise $100k -- you just have to talk to different people. No matter who you talk to, you have to convince them youre going to make them a profit, and youre still in for months of negotiating and legal work. I often say that starting a company is similar to getting your MBA: it takes about the same amount of time and money (more, in our case) and will teach you everything you need to know to start a business successfully. Maybe your first business wont be a success, but at least you werent in school, where theres not even a chance of success. Looking back, I spent most of my time working on the game, not pitching to investors. If you decide to raise money, jump into it completely. Pitch constantly and refine your technique every time. Constantly meet prospects and work your contacts. Get multiple parties interested so you can leverage their offers against each other. Make sure each party knows youre going to get funding with or without them. In short, do it all at once and make it count.	Confusion of Objectives	Confusion of Objectives	Cunningham
Tower Bloxx	2006	team	In our projects we have a lead designer who is responsible for the design of the game and a producer who takes care of the whole project. In this particular project, the same person was the Producer and the Lead designer, which created some conflicts within the project. As a designer, you want to tweak the game to perfection, and as a producer you want to do it as on time/budget as possible. This is a healthy tension in any game, but the lines are a bit blurred when you have the same person making both calls. This can also be very frustrating to the team, who might come up with a new design solution and they can’t know which hat the producer/lead designer was wearing when deciding to drop a feature.	Confusion of Objectives	Confusion of Objectives	Cunningham
System Shock 2	1999	planning	As the principals of the company, Ken, Rob and I didnt really understand what it took to run a business and simultaneously work in that business. None of the Irrational founders started the company to be businessmen, and we have always believed that the ultimate health of the company depended on us all staying involved in the development process, which is, after all, what each of us enjoys and wants to do. Unfortunately, as anyone who has run a business knows, there is a lot more to starting and maintaining a company than sitting around at board meetings smoking cigars. From the mundane matters of making payroll, organizing taxes and expense reports to business negotiations and contract disputes, there is substantial overhead involved in running even a small company such as Irrational. In our naïveté, we did not factor these tasks into our schedules and the result was that they mostly became extra tasks that kept us in the office late at night and on weekends.	Confusion of Objectives	Confusion of Objectives	Cunningham
Okamiden	2011	team	A good team leader is able to work with each department to define clear and understandable roles, and help the leaders with any on-the-spot problems and concerns. Had that been the case, even if something like the Kuni re-design were to happen again, then the team would make sure to move on quickly and do our best to fix it.	Cryptocracy	Cryptocracy	Cunningham
Descent 3	1999	planning	The biggest problem on Descent 3 was the weak management structure.Descent and Descent II were developed by small groups that worked closely together (often in the same room), and as we grew to a team of almost twenty people, we didn’t introduce enough management to control the process. Even though people had designated titles, there was no real authority attached to those titles. No code reviews, no art reviews, no way of saying, This is bad and we should be going in a different direction. What we needed was more of a hierarchy and a systematic way to get things done. People would have disagreements that were never settled, and that led to bad feelings among team members. It would have been much better if some sort of hierarchy had been in place to mediate disputes, but unfortunately this didn’t materialize during the entire development cycle of the game.	Cryptocracy	Cryptocracy	Cunningham
Heavy Metal: F.A.K.K. 2	2000	planning	This seems to be a major problem in the gaming industry, as nearly everyone I talk to has just about the same story about project management and death-march crunch modes.	Death March	Death March	E. Yourdon
System Shock 2	1999	planning	As a result of our misjudgment, we just had to work harder. Rather than enduring a crunch period of a few months, the entire last year of the project was our crunch time, as we struggled desperately to fulfill our jobs as programmers, designers, and managers as well as keep the money flowing in (and out) of the company. (...) As well as destroying our personal lives, our failure to judge the magnitude of our task meant that we had to devote less time than we desired to every aspect of our work. My programming time was severely curtailed and I was able to spend far less time on System Shocks AI than I wished. Simultaneously, I was unable to provide the level of direct management that I wanted, and I was forced to postpone company financial work until the end of the project or hurry it through. The results were less than optimal all around.	Death March	Death March	E. Yourdon
Conduit 2	2011	budget	 Like the rest of the gaming industry in 2010, High Voltage Software wasnt immune to hard times. With publishers mitigating risks and the economy in trouble, we had to take financial action. Whats especially difficult about this is that our culture is an aberration in the game industry. In the nearly 18-year history of the company, wed only had one layoff of any significance -- but that is what happened to us in 2010. This had been a corporation built on stability and longevity, and our employees had come to expect it. Unfortunately this affected the Conduit 2 team dramatically. Not only did the company take a huge morale hit from the loss of dear friends and colleagues, but the Conduit 2 game team was heading into a crunch that would not end until the game was to be delivered for final Nintendo submission. Theres not much that can be done to lift the collective mood of a company facing all of these odds, but we did what we could. We reached out to our employees as often as possible to let them know how valuable they were, we offered assistance to those who needed to land new employment opportunities, and we rewarded the Conduit 2 team when they reached newly-defined targets that got us closer to submission.	Death March	Death March	E. Yourdon
Bioshock	2008	crunch-time	The final crunch period on BioShock was long and hard. People who had been pacing themselves for six more weeks of work had to reset to three more months of work rather suddenly. Had we understood our polish cycle requirements sooner, or had known about the additional time earlier, we could have paced ourselves better.	Death March	Death March	E. Yourdon
Bit.Trip Beat	2009	crunch-time	When we started this project, we decided to do whatever we could to avoid crunch mode, the plague of the video game industry. Yeah, that didnt go so well. About two-thirds of the way through the project, we realized just how much work it takes to run a company as well as make a game -- especially if youre making your first game. The newness of everything compounded upon itself and overburdened each of us. Just to stay on top of everything, we found that we had to work more hours. And then more hours. And then more. Contributing factors to the crunch included do, do, do mode, running a new company, not having a producer, learning the new toolsets, setting up our development environment... The list goes on. Each of these things is necessary for a development studio to run but they have little to do with one specific product. Finding the time to juggle all these responsibilities led to crunch. Is the project better because we crunched? In this case, I think it is. But our quality of life certainly was not. And a poor quality of life can lead to resentment of ones job among other negative side effects.	Death March	Death March	E. Yourdon
Brütal Legend	2010	crunch-time	We took a number of systems to 80 percent, enough to prove an idea, or extend and refine it in a future deliverable. But we found in the last few months of development that the remaining 20 percent was another 80 percent of the effort -- leading to some unexpectedly crunchy milestones for the hardest-hit team members.	Death March	Death March	E. Yourdon
Dead State	2014	crunch-time	Dead State could have used twice the number of team members than we had for its development, which meant lots of time crunching to meet deadlines. Our future titles will be built on the team size we have the budget to support. For now on, we will cut or revise anything that needs major crunch to get implemented.	Death March	Death March	E. Yourdon
PONCHO	2017	crunch-time	In the Summer, me and Jack quit our jobs. There had been a lot of crunching at the studio I worked at in the spring, and development of PONCHO had been slow. Anyone who works in the industry knows how hard it is to come home and develop your own projects, when your day job is 60 hours a week minimum. Luckily I had saved enough money to sustain myself for awhile, and we finally went full time on the game. (...) Pressure was starting to build, we were all working very hard and stopped seeing friends. We stopped leaving the house. We stopped living. Nothing mattered except making this game as good as it can be.	Death March	Death March	E. Yourdon
The X-Files	1999	crunch-time	The most severe blow suffered by all teams was from accepting an unrealistic schedule. Despite endemic problems with producing finished video, the large amount of graphics to be created, and the sheer size of the programming task, the concept that was floated at the time was that it would be possible to adhere to the original schedule if everyone simply worked around the clock. Foolish and naïve, we bought it, and started pushing	Death March	Death March	E. Yourdon
Dungeon Siege	2002	crunch-time	Our crunch was not your garden-variety crunch. Our crunch was not measured in months, but in years of long hours and few free weekends. It was a crunch of sheer astronomical proportions. The kind of crunch that will make you weak in the knees to think about and give you a thousand-yard stare when youre done with it. The kind of crunch that bites the top of the beer bottle off and spits it out at you before taking a drink. This kind of crunch can only take root in fertile soil, so we certainly are responsible for our own discomfort. Being the ambitious bunch that we are, not only did we want to make a great game, we wanted to make the best game we could afford, given the time and resources. This line of reasoning, taken to its limit, translated to most of us simply living for the game. Our ambition was so strong we neglected our bodies, our relationships, and our spiritual well-being. I know many of us did this past a point that most professionals would consider healthy, sane, or possibly ethical. The level of focus on our work was simply amazing, but the sheer self-neglect this fostered was simply irresponsible. We didnt crunch to make up for lost time, we crunched out of uncertainty. Since this was our first RPG, we crunched to implement all those extra features. And at some point we crunched because we could no longer remember doing anything else.	Death March	Death March	E. Yourdon
Dust: An Elysian Tail	2012	crunch-time	After a lot of back and forth with Microsoft, my family, and a whole lot of prayer, I said yes to Summer of Arcade. I would have to take an already massively difficult eight to 10 months of development and cram it into three. I knew I would see very little of my family during that period (despite working from home), including my newborn daughter, due just two months later. Much of what happened after that is a blur. I was already used to working seven days a week, but now those turned into nearly 20 hour workdays. I couldnt go to bed saying "Ill finish that tomorrow" because tomorrow would bring a new set of challenges. Im a pretty "got it together" kind of guy, but I broke down a number of times. If it wasnt for my family literally placing food between me and my monitors, I wouldnt have eaten. The days where I realized I hadnt stepped out of the house and looked at the sky for over two weeks made me realize how crazy this all was. I can hardly remember cranking out all the cutscenes, wrapping up the remaining enemies, and populating the rest of the world during those hectic weeks. I have no idea how I was able to rewrite several massive systems -- including one to resolve a bug that threatened to cut all the voice over from the game -- just days before certification. I consider myself a man of faith, and it was certainly tested during those dark hours.	Death March	Death March	E. Yourdon
Gabriel Knight 3	2000	crunch-time	Crunch mode is a reality on most projects, but you should not gear up for one unless the light at the end of the tunnel is really in sight. The GK3 team was pushed into crunch mode three separate times, each time thinking that we were almost ready to ship. Most of the last year of the project we spent in this mode, which Just about all of Gabriels inventory fits in his pants. meant that even small breaks for vacations, attending conferences, and often even taking off nights and weekends were looked down upon. It was time that the team "could not afford to lose". The irony is that this overtime didnt help anyway -- the project didnt move any faster or go out any sooner. The lack of respect for our personal lives and attention to our well-being caused our morale to sink.	Death March	Death March	E. Yourdon
Gibbage	2006	crunch-time	Im a hobbyist: during Gibbages crunch time, I was getting up at 6am to get a few hours coding in before heading off to do my day job, and working till midnight when I got home in the evening. I was physically and emotionally worn out for a large portion of Gibbages development. This state of heath doesnt lend itself well to the innovative, fresh-faced thinking typically associated with indie game development. As such, prolonged periods of mental blockage combined with a refusal on my part to switch off and stop thinking about things only served to slow the whole process down considerably. Its clear to me now just how detrimental to a project burnout can be, and that its important to walk away from time to time if only to clear ones mind.	Death March	Death March	E. Yourdon
Gish	2004	crunch-time	Even though we didnt have a boss asking us to work 12 hours a day, we still ended up working way too much in the last few months. The main motivation for this was that we needed money, and to make money we needed a game to sell. Im not sure what we could have done differently - sometimes you get stuck in situations that you cant avoid.	Death March	Death March	E. Yourdon
Heavy Metal: F.A.K.K. 2	2000	crunch-time	Not having a single person manage tasks, and letting just about every feature request get added to the list, was a major reason why we had to go into crunch mode in order to finish everything by our July deadline. This resulted in a crunch mode that lasted nearly five months, and one month of "super crunch", consisting of seven-day weeks and 12- to 16-hour days. I dont mind crunch mode every now and then, but for an extended period of time it really wears you out. The team morale during this crunch was very low.	Death March	Death March	E. Yourdon
Legacy Online	2003	crunch-time	Eager to launch the game as soon as possible, a very ambitious launch date was set, preceded by an open beta that only lasted one month. We warned the publisher that more time was necessary for extensive testing, but they decided to go forward with releasing it anyway. Naturally, the launch was a disaster. The game suffered prolonged periods of downtime, with our programmers struggling behind the scenes to patch problems overnight. In hindsight one could say the launch was doomed; we were inexperienced when it came to dealing with a publisher, and Montecristo was inexperienced in the online space (Star Peace was the first online game they launched). Lets just say it wasnt a match made in heaven.	Death March	Death March	E. Yourdon
Lords of the Fallen	2015	crunch-time	That seemed extraordinarily tough, and it was only doable by crunching throughout the final months, to the point where people got so stressed that you could barely talk to them.	Death March	Death March	E. Yourdon
MotoGP 07	2007	crunch-time	Our Core Technology Department is solving the problem by rewriting the build system using Python rather than Scons and eliminating the need for Cygwin. Fortunately for us we had an enthusiastic build engineer who was happy to baby-sit the build, often after-hours, tinkering with it until it gave good results. As you can imagine this was far from satisfactory (especially for him!) A poorly-operating build system compromises the quality of the game and costs the team late nights and weekends and it is, therefore, inexcusable.	Death March	Death March	E. Yourdon
Ori and the Blind Forest	2015	crunch-time	Having said that, we ultimately did have to crunch a couple of times during development in order to actually finish the game.	Death March	Death March	E. Yourdon
Renegade Ops	2012	crunch-time	Our ambitions for Renegade Ops were too high. We set out to make a game that felt like an triple-A budget game with a tiny team and a tiny budget in comparison, so the odds were against us from the start. However, compared to other XBLA/PSN titles, the budget was quite large. In spite of this, we poured in an unacceptable amount of overtime on our own accord to pull it all together -- something Avalanche Studios upper management frowned upon, since one of the companys primary goals is to avoid overtime at all costs. If we had been willing to compromise on the triple-A quality values to some degree, we would have had a bigger margin for error throughout the entire project.	Death March	Death March	E. Yourdon
Republique	2016	crunch-time	To complicate the time crunch in which we found ourselves, we were dealing with more République than ever.	Death March	Death March	E. Yourdon
Rise of Nations	2003	crunch-time	We underestimated the amount of coding time necessary, which resulted in an extremely overworked programming staff. We misjudged the amount of revision time that wed want for various systems. We overloaded our lead programmer such that he became the bottleneck on a number of critical systems, including multiplayer and matchmaking. Most of this could be traced back to simply not hiring enough programmers early in the project, and was compounded by lack of scheduling and technical oversight. We also never knew what was "enough" - since this was our first project in the RTS world, we were desperate to cram everything in that we could think of. (...) Our insistence that we could power through our bug counts at a faster-than-light clip meant that we worked our team much harder than we should have going into the final months of the project. There were a couple of modules that were going to cause us to slip by the month that we did, and recognizing reality sooner would have saved much of the team a death march that was extremely difficult for all involved.	Death March	Death March	E. Yourdon
Stubbs the Zombie	2006	feature-creep	I had this crazy idea that since the bulk of the work was being done by contractors, we would be managing them to deadline and we at Wideload wouldn’t have to work crazy long hours. This logic was used to form the basis of our “crunch avoidance system,” and it was an abject failure. We crunched for a solid three months, which isn’t too bad relative to past experiences, but is way worse than zero. Because we let some major components slip into post-production and were four months behind schedule, and we let ourselves get behind on contractor approvals, we ended up with more than post-production tasks during our post-production phase. Quality of life is a big issue for game developers. It certainly is for me, having young kids at home. I still hope to create a better work/life balance using this model. On future projects, we will endeavor to keep production phase deliverables comfortably within our production phase. For us, the key to this is good production management and timely feedback to our contractors. If we can focus on post-production during the last three months, we can avoid working double duty through the end of the project.	Death March	Death March	E. Yourdon
Super Meat Boy	2011	crunch-time	In late August 2010, we got a phone call from our producer at Microsoft, explaining that there was going to be a fall promotion similar to Summer of Arcade. At this point, we were about four months from being done, but in order to release during this promo, we needed to pass certification in two. The deadline seemed a bit impossible. We were told if we didnt make it into the fall promo, we would have to push the game back until spring or attempt to launch the game ourselves without much support, and risk a sizable loss. Microsoft explained that all games in the promo would get an exclusive launch week, very high spotlight advertising, reviews by Major Nelson, and face time at PAX and other events. This promotion was going to be called Game Feast. At this point, both of us were going into the red financially and felt like if we didnt get into this fall promotion, there was no hope for us. We couldnt push to spring, and releasing without Microsoft support seemed like suicide, so we went all-in and attempted to do what would take any team four months within two. These two months were easily the worst months of my life. The pressure, workload, and overall stress of development was extremely overwhelming. In those two months, neither of us took a single day off of work, working 10–12 hours a day, every day. There was a point at the end of development where I was getting less than five hours of sleep for several weeks. I remember having a breakdown in September where I actually thought I was stuck in some nightmare where I was repeating the same day over and over.	Death March	Death March	E. Yourdon
Swords & Soldiers	2010	crunch-time	A few big features we created pretty late in the process, such as different speed settings, which were implemented in the last week! This, of course, had to be balanced and checked for every level, and quite a few nights of sleep were skipped to check all of these last-minute features. Another thing which came very late was the actual balance between factions. Halfway through development, we had the impression that the balance was okay, since we did a few basic balancing sessions at the start. But by the time the campaigns were nearly done, we decided to take another hard look at this balance. It turned out that the balance was horrible and would need a lot of work. Once we started investing in this work, it of course shook up a lot of the work on the campaign. Levels were suddenly way too hard, or too easy. This added another chunk of unexpected work. Needless to say, we learned a lot about the sequence in which we should design our games.	Death March	Death March	E. Yourdon
The Banner Saga 2	2016	crunch-time	For all of our efforts to avoid it, we ended up once again falling into months of crunch. While I do believe that nothing great can be made without sacrifice, I am in opposition to the idea of jettisoning all the other import parts of your life for long periods of time.	Death March	Death March	E. Yourdon
TimeShift	2008	crunch-time	Because of the extension, our team had to spend two summers in a row in the office. Sabers senior management knew that crunch was coming, and it was inevitable. We also knew that the last thing we wanted to happen was to burn the team so much that somebody would snap in the middle of the project and quit -- so the goal was to make this crunch feel reasonable. We also had to come to terms with a few over-zealous people at our publisher, who "expected" the team to go into crunch ideally sometime in January, knowing that the project wouldnt end until mid-October. That certainly wasnt an option. Mandatory 55-hour work weeks for most people at the team were finally established starting in May. The primary tools we had at our disposal were proper planning and established production processes. We knew that our primary "peopleware enemy" was the frustration factor, and we tried hard to minimize it. (...) Working exceptionally long hours, dealing with unexpected technical hurdles, managing multiple SKUs, and adapting to ever-changing business requirements, working on TimeShift was a very trying experience for everyone involved, both at Saber and at Sierra. We could have never anticipated what it would take to put together a AAA product under such tight deadlines, but we were determined to make it to the finish line and to create a great game.	Death March	Death March	E. Yourdon
Uncharted: Golden Abyss	2012	crunch-time	From January to December of 2011, the team worked pretty much nonstop, many of us putting in evenings and weekends for months at a time. Every evening we tried to offer a catered dinner so the team could maximize their time and get home as early as possible. Our office manager tells us that we ordered over 158 overtime meals during that crunch. Theres been at least some crunch on every project Ive ever worked on, but this was harsh by any standard. (...) During the project postmortems, "Managing a healthy work / quality of life balance" came up as a top concern for almost everyone in the studio, Chris and myself included. Our families didnt see us a lot in 2011, and we vowed to do everything in our power to keep that from happening again. Some of the steps weve taken include: Negotiating as reasonable a schedule as possible, given our studios burn rate and budgets. Holding weekly meetings with every individual on the team, where issues of scheduling, scope, progress and productivity can be raised directly. Vetting the scope of our next project up front in an attempt to find that balance between the optimal player experience and the time we need to create it.	Death March	Death March	E. Yourdon
Vanishing Point	2015	crunch-time	Crunching under a tight deadline when you and the people around you lack it feels like a tragic death march towards an inevitable defeat. In our first semester, we ended up in this state of mind as our major Winter Demo Day deadline loomed by.	Death March	Death March	E. Yourdon
Magicka	2011	delays	We instead took it upon ourselves to work overtime for several consecutive weeks to catch up for previous misjudgments and attempt to reach new impossible milestones. One of these ill-focused features was the magical menu tome. We spent several weeks designing and implementing this book, with careful attention to detail so that each page would curl realistically as the player flipped pages so that the previous page displaying correctly on the now turning one.	Death March	Death March	E. Yourdon
A Reckless Disregard for Gravity	2010	planning	We failed to step back at regular intervals to get the big picture, and became mired in the details. We didnt ask the big questions (How does the game look to someone who hasnt been working on it for half a year? What are we missing? How do our post-launch goals affect design?). And it almost killed the project. 	Detailitis Plan	Detailitis Plan	Cunningham
Okamiden	2011	team	Also, by creating an environment that allows everyone to speak freely about what they think about the game, the team would be able to input their own ideas and feel as though they are contributing something to the project. Had the teams been under such management, they would have performed without a problem through simple schedule management and direction.	Emperor's New Clothes	Emperor's New Clothes	Cunningham
Never Alone	2015	cutting-features	For an upcoming milestone, we spent many weeks building a big, nonlinear village environment that featured multiple questgivers. We added the ability to lift small objects and move them around. And most notoriously, we added a "catch fish as they jump out of the water to get enough food for the village for dinner" minigame. Even though it was in service of being stewards of an important culture, that milestone was what we now refer to as "The Dark Ages". (...) We went back to basics and returned to the roots of the project, until it started to look remarkably like what was in those original documents. Before we got there, though, a lot of people spent a lot of time on a lot of concepts that were either barely used or cut entirely.	False Surrogate Endpoint	False Surrogate Endpoint	Cunningham
A Kingdom for Keflings	2009	feature-creep	I know were far from the first developer to tell this sad story. The original design called for a flexible dynamic music system, avoiding the monotony of the standard music loop by using a system of layered, changing riffs and variations. We put huge amounts of time into this from designers and programmers and audio people. We rewrote the code several times, spent many hours massaging the music assets, and wrote pages and pages of scripting. But... While there were moments where it seemed like it was going to work great, the final results were ultimately not acceptable. At the very end of the project we scrapped the dynamic flow of music and rewrote the system one more time, keeping only a simplified version of the dynamic layering of tracks based on city complexity. And even that is a subtlety that was easily not worth the effort we put into it.	False Surrogate Endpoint	False Surrogate Endpoint	Cunningham
Black & White	2001	scope	Leaving things out. The idea of the game didnt really change much over the course of its creation. But I do have some regrets that features we thought would be great proved unworkable. I expected this, as it happens with every project, but I thought the problems would be caused by software or even hardware limitations. In fact, it came down more to emotional issues. For example, the original idea of the Creatures was that a player could choose to make any living thing a Creature. We wanted the player to be able to select an ant and grow that, or a human being from a tribe, and raise him or her. Christian Bravery, one of the artists, spent a long time drawing concept work and sketches depicting what the Creatures could look like at various stages of their development. This of course included humans.	False Surrogate Endpoint	False Surrogate Endpoint	Cunningham
Dead Head Fred	2007	cutting-features	Despite the fact that the primary game mechanic -- collecting heads and using them in different ways -- was in place before we even started development, there were a lot of changes made along the way. Some of these were a result of the large scope of the game. We ended up having to cut some of the mini-games that we had originally planned, to save development time. Unfortunately, the decision to do so was not made early in the development process, so some development time was lost to sections of the game that were ultimately cut.	False Surrogate Endpoint	False Surrogate Endpoint	Cunningham
Music Up	2002	budget	When I came onboard in December of 2001, I noticed that 35 percent of the total budget had been spent with only a 3 minutes demo to show for it. The product needed to ship in the summer of 2002 to catch the re-broadcast of the original series in the major cities and to avoid the strong competition from Sakura III. It had also become clear that we would be seeing an additional investment in the project. A confidential sales report suggested that no single-player PC game would be sold well over the next couple of years in China, even Sakura II. Massively multiplayer games are expected to drive the market, surpassing even the popularity of pirated games.	False Surrogate Endpoint	False Surrogate Endpoint	Cunningham
Frozen Synapse	2012	planning	Single player design was attempted too early, and went down some very significant dead-ends before the decision was taken to completely postpone it until after the multiplayer was done. We kept circling around over-complex ideas, such as a randomly-generated "loss track", base building, and other meta-game considerations when all we actually needed to do was make a fun AI and then create a linear series of levels around it. The long design phase also resulted in periods which werent productive for the rest of the team: this problem has now largely resolved due to the fact that were attempting multiple projects; however on Frozen Synapse it occasionally burned money. Trying to come up with the exact structure of each match also proved problematic. One-turn "Endplays" were the focus for a significant amount of time and, although these led to some significant improvements in the game, ended up being blown out of proportion. Despite the fact that these issues caused some difficulty, and were working hard on tightening up our processes for the next game, they were integral to Frozen Synapse. It was important to have the space to go wrong in this way -- allowing mistakes can be crucial to designing a game.	False Surrogate Endpoint	False Surrogate Endpoint	Cunningham
Neverwinter Nights	2002	cutting-features	From the start, there was a strong desire to make NWN a unique game distinct from the Baldurs Gate experience. While this did lead to the development of new systems that were better than those of Baldurs Gate, it also led to an excessive amount of time spent on design and prototyping of features that ultimately could not be implemented. Wed often sink a considerable amount of research into creating an innovative system, only to fall back on a similar system that worked better in the earlier Infinity engine.	False Surrogate Endpoint	False Surrogate Endpoint	Cunningham
Tropico	2001	cutting-features	After the scenario-intense RT2 and its add-ons, we were more than happy to try creating a game in which the strengths lay in randomly generated maps and sandbox-style open-ended play. From day one we worked on Tropico with this goal in mind. A lot of effort went into creating a map generator that would create pleasing, logical, and most importantly playable maps. We modeled rainfall on what we knew and could find out about meteorology. We researched vegetation, not only to find flora indigenous to a Caribbean setting but also to find out under what conditions a particular plant would thrive and how to represent that in the game. A significant amount of time went into creating realistic mountains and series, even ranges, of mountains. We even went so far as to model the terrain under the water, so that shallow beach areas and deeper waters would be accurately created. As we realized this late in the project, we scrambled to create scenarios to include. Unfortunately, our tools in this area were underdeveloped, and time had to be squeezed out of peoples schedules even to produce what we did. The result was that Tropico included a very limited number of scenarios (eight with the game and two others included in some promotional CDs) that werent nearly as involved as they could have been, and certainly werent up to the standard that we had created in RT2.	False Surrogate Endpoint	False Surrogate Endpoint	Cunningham
Magicka	2011	delays	Due to our milestone plan, we had this mentality of having to pull together This mentality resulted in not only our actually pulling together, but also our shunning existing technology, putting too much effort in things that didnt matter and just plain grinding -- MMO style. It also made us never able to cut features that would detract from the gaming experience.	False Surrogate Endpoint	False Surrogate Endpoint	Cunningham
Drakan: Order of the Flame	1999	planning	They also ended up cutting many features that did not show much game-play promise. The dart gun and the boomerang weapons were among those eliminated from the game. Even though these tasks had already been mostly completed (in terms of code) for several months, they had not yet been put into the game.	False Surrogate Endpoint	False Surrogate Endpoint	Cunningham
Scarface: The World Is Yours	2007	cutting-features	These changes meant that many scenes that had been written for the story were cut completely, and although some scenes were reappropriated they did not make as much coherent sense as the full scenes they used to be. Many characters were also cut from the game, as well as many side missions for which very specific characters had been created, cast and recorded. Those characters now were only to appear in the game world as pedestrians, which made them seem a little odd without their context. With all the ripples that the extension gave us, these changes led eventually to a much more streamlined and solid product. The extension in the amount of time we had also allowed us to plan and execute the post-production mixing, and thus gave us a huge gain in terms of final audio quality.	Feature Creep	Feature Creep	
Scarface: The World Is Yours	2007	planning	Production of the huge amounts of cinematics that we have in the game was eventually cut off around two weeks before we went off-site to Skywalker to mix the game’s audio. This gave us a mere two weeks to work on Foley performance, recording and editing for those scenes. Due to the huge amount of cinematic cut-scenes in the game, we had to prioritize the more important ones to receive the attention of full Foley, as there simply was not enough time to perform Foley for all the cut scenes we had. Our internal Foley team, Scott Morgan, Cory Hawthorne and Roman Tomazin, worked for a solid week in performing the Foley, and then a further week editing and bouncing down the Foley mixes for integration into the sessions which contained SFX and dialogue. This practically left no time to do mix-downs of the final sessions including dialogue and sound effects, so the team were put under a great deal of pressure to bounce out and mix all the cinematics for the game in both Pro Logic II encoded versions and in Dolby 5.1 six channel mixes. These were all bounced out over the course of two or three long evenings and the intention was not to touch these mixes once we got to Skywalker. However, once arriving on the stage we found we needed to add more sounds and balance the sounds in some of the cinematics, so as we came to them we re-bounced them on the mix stage. A dedicated month for Foley and premixing the cinematics is a must for future productions of this scale.	Feature Creep	Feature Creep	
Tower Bloxx	2006	cutting-features	Although we did get a 3D version of the game out at the same time and in a cost-effective manner as we had planned, we only managed to do it by making it as similar as possible with the 2D one. We had a few other cool features planned, but implementing those would require time we ended up not having	Feature Creep	Feature Creep	
Trade Empires	2001	cutting-features	Trade Empires is a good game, but it could have been better. Many of the reviewers liked the game (many three and half star or 8/10 reviews), but raves like the Imperialism games garnered were less evident. True, the budget and schedule were a lot smaller and more confining for Trade Empires, so we didnt get to lavish the same amount of detail and loving care on it. Even with those constraints, I think we could have made a better game if we had made some different trade-offs. The number one feature that reviewers missed was more feedback on how the player is doing and on the state of the world. We had a number of features in mind that would have provided this feedback. We designed a separate set of interface panels for charts and graphs. We designed a system to provide rumors of upcoming technologies, warnings and advice from the merchants. Mostly these were features that were absent from the original design, but had occurred to us during development. They would get added to the project schedule in the gravy area. Many gravy features were added. But these more time-consuming features didnt make it, as we focused our energies on robustness of the code and polishing the feature set we had.	Feature Creep	Feature Creep	
Uncharted Drakes Fortune	2008	scope	Having held ourselves up by not getting a good build pipeline in place early on, we were then playing catch-up throughout the project. A recurring theme in our postmortem discussions for Uncharted has been that, in many cases, we wished that wed started building out the game with the simple tools that became available early on, rather than waiting for the technologies or gameplay code we thought we needed to support our sometimes overly complex design or production ideas. This problem has some similarity to the tools problems we faced -- we set our goals too high, and had to bring ourselves down to earth in order to be able to move forward. For example, we had wanted to use a system of interchangeable body and clothing parts for our enemies in order to get a huge apparent variety of enemies and reinforce the reality of the world. We wanted the player to have the feeling that each enemy character was unique. The problem was that this held up our whole enemy implementation process. We couldnt start finalizing the enemies until we finally realized we didnt have time to create our parts system, and simply got on with making the enemies that are in the shipped game.	Feature Creep	Feature Creep	
Command and Conquer: Tiberian Sun	2000	feature-creep	Everybody stresses the importance of working off of a design document and not deviating from it. Unfortunately, this just isn’t realistic since every product evolves during the course of development and sometimes the original design proves to be lacking. A team has to be able to incorporate new ideas during development if the final project is to be better. However, the flip side of this idea is that the team must be able to cut features diplomatically when it is in the best interest of the project.	Feature Creep	Feature Creep	?
Command and Conquer: Tiberian Sun	2000	cutting-features	Tiberian Sun‘s development had many challenging moments when features had to be cut for one reason or another. A perfect example of this was the ability to order a limited number of units through a drop-ship loading screen before a mission. This sounded like a great idea on paper and we had already coded it and incorporated it into the game. It wasn’t until we actually played with it that we realized it just didn’t fit and had to be removed. Looking back at the project, I think we could have been more aggressive in cutting or changing certain features to make sure their returns were really worth the development investment. I’m a firm believer in the idea that less is more and that fewer but more fully developed features are the way to go. If a feature isn’t amazing, you should cut it or make damn sure it becomes amazing before you ship the product.	Feature Creep	Feature Creep	?
Hero-U: Rogue to Redemption	2019	feature-creep	We were focused on getting a playable demo for the Kickstarter, but there was clearly much more than a year of development time left to have a finished game. The scope had also increased. The original Hero-U pitch had been a 2D puzzle/RPG, which would have been relatively easy to program. But the backers, by and large, wanted something that was more like Quest for Glory.	Feature Creep	Feature Creep	?
Matt Hazard: Blood Bath and Beyond	2010	budget	Due to some of the mishaps described above, an increased scope, and the fact that it took longer to feel out the fun factor of our game than we had anticipated, we crept over our allotted budget on both time and money.	Feature Creep	Feature Creep	?
Wild 9	1998	cutting-features	Tom and Kevin are two very creative fellows. The material they came up with is enough to fill up three or four games like this one. In addition, the whole team took this game to heart and ended up coming up with suggestions of their own. We were thus faced with a situation toward the end of the project: we could not fit everything into the game. Wex’s weapon, The Rig, is normally blue. But it possesses a red mode, which is greatly under-used in the game. The red mode was initially meant to be a more powerful blue beam, but this created game play issues, as a player will sometimes want to transport enemies in the beam from one point of the level to another. The red beam would vaporize just about everything on contact, which was obviously a problem. This is one of the only design issues that was never truly fixed and the red beam, even though it made it into the game, isn’t used to its full potential.	Feature Creep	Feature Creep	
Crackdown	2009	feature-creep	Another shocking reality was that the number of coders yet to be hired was expressed in the order of tens. In a pragmatic development environment there would have been three choices: 1) increase the budget, 2) lower our ambitions, or 3) pull the plug. Unfortunately, the stakeholders were far from pragmatic, and rather than moving to jettison anything that wasnt in direct support of the clearly defined project pillars, they used the scope discussions as a forum to add yet more ideas. Several deep cuts were eventually approved (some creeping back in over the remainder of the project), but it still wasnt enough. At least we finally had a handle on the stakeholders definition of minimum content.	Feature Creep	Feature Creep	Harvey
Dungeon Siege	2002	cutting-features	Extreme ambition can be empowering, but it can also bring much pain. A large portion of Gas Powered Games consists of extraordinarily ambitious people. Every-one has their own reasons, but collectively, we all want to win, and want to win badly. While this drive helped us persevere through some of the challenges we encountered during development, it also created some new ones. Our ambition translated into a number of painful symptoms such as feature creep, over-optimism, and a project scope that was ultimately larger than our ability. The problem was compounded by the fact that nobody on the team had really worked on an action RPG before. We looked at the leading brand RPG and said to ourselves, Hey, this is a fun genre. Lets make something like this except, much, much bigger, in 3D, without loading screens, and push the technology to its absolute breaking point! Clearly we couldnt have imagined the sheer amount of work required to build the kind of RPG that we wanted. And we wanted all kinds of interesting things: lip-synching, cooperative networked level editing, dual monitor support, wavelet terrain compression, deformable terrain, and many other gems. Some of these features ultimately didnt fit into the vision of our game, while others were simply extraneous. To our credit, we killed most of these before even starting development, but we were left with many others to be enthusiastic about for months.	Feature Creep	Feature Creep	Harvey
Fallout Tactics	2001	scope	The unrealistic time limit problem was further exacerbated by the size of the game we created. Originally, 20 single-player levels and 10 multiplayer levels seemed a reasonable size for the final game. However, when we started to get flak from the Fallout fans about the game not being true to the original, we decided to link the missions together with a world map rather than a linear mission structure. This in turn led to the inclusion of random encounters and unique encounters to add extra interest while traveling between the core missions. We produced special levels for bunkers where you could reequip and change your squad. This works very well in the game but increased our workload substantially. We also hopelessly overestimated how big our maps needed to be. We ended up with some truly huge playing areas and the associated problem of having to populate them with interesting encounters. Rather than reduce the size of the maps or lose maps altogether, we decided to press on and fill them with interesting objectives. We estimate that to complete all the core and secondary objectives and see all of the multiple endings takes about 40 hours of playtime -- even for someone who knows the missions well.	Feature Creep	Feature Creep	Harvey
Heavy Metal: F.A.K.K. 2	2000	cutting-features	We were going to try to put multiplayer into the final release if we had the time, but our July deadline came so quickly that we just didnt have the time to finish it.	Feature Creep	Feature Creep	Harvey
Heavy Metal: F.A.K.K. 2	2000	feature-creep	We worked on never-ending task lists for months and months. Just when you thought you were close to being done with what you were assigned, another 30 tasks would appear on the list after a team meeting where we would flesh out the incomplete areas of the design.	Feature Creep	Feature Creep	Harvey
Jurassic Park: Operation Genesis	2003	feature-creep	We experimented with baby dinosaurs midway through the project. We tried schemes such as scaling the adult dinosaurs down to make them into babies. However, scaling adults down did not look right. Making baby dinosaurs that looked good required new baby dinosaur models and baby AI. This is similar to the work required for adding more dinosaur species. As a result, baby dinosaurs were dropped.	Feature Creep	Feature Creep	Harvey
Kingdoms of Amalur: Reckoning	2013	cutting-features	Going from a storyboard to a finished cinematic takes a long time. Once a cinematic is finished, it is very costly to change. Because we werent locked down on the major cinematic moments in the game for so long, we ended up having to cut several cinematics that we really wanted to include. The cinematics we have in the game are awesome, and we got all the major beats that we wanted, but we definitely wanted more.	Feature Creep	Feature Creep	Harvey
Last Call	2001	feature-creep	We were continually adding features to Last Call as we refined the game in response to tester feedback. As it became increasingly clear that the game had taken on a life of its own -- exceeding our expectations, and certainly exceeding SSIs expectations -- we became perfectionists. Had the title been produced independently, working at a slower pace with a smaller team, this would have been par for the course. However, we had a deadline and milestones, and eventually had to contend with an angry publisher. Last Call was relatively complicated considering the budget for the project. Users interacted with the bar environment in ways we did not expect. Even the metaphor of drink pouring was highly scrutinized and debated -- our target customer did not play games, and was not likely to pick up strange, unnatural actions.	Feature Creep	Feature Creep	Harvey
Last Call	2001	scope	Many reviewers remarked that the game lacked scope, and their observations were entirely valid. We concentrated 100 percent on making the game -- which consists entirely of characters approaching the bar, waiting, ordering, talking, and retreating -- interesting within the defined game world. Bar patrons become drunker as the night progresses. The bartender is able to flirt with the customers. Bad drinks can send a customer into a puking spell. All things considered, we might have benefited from spending less time on game nuances, and more time on adding some different activities, environments, level goals, and other elements.	Feature Creep	Feature Creep	Harvey
Middle-earth: Shadow of Mordor	2015	feature-creep	The Nemesis System started with a fairly simple idea of personal villains, then during pre-production, it went through quite a bit of feature creep which made it significantly more complex and took it further away from the core promise.	Feature Creep	Feature Creep	Harvey
Music Up	2002	scope	Music Up marked the first time that UBI China’s designers made a game independently, and the structure was changed continuously. The designers were constantly developing new ideas and the engine studio therefore always needed to change to accommodate the growing design. This, of course, led to increasing instability. More seriously, market demands meant that the game had to be complete for summer of 2002; time had run out for such changes but the designers still couldn’t help themselves from making more improvements.	Feature Creep		
Republique	2016	feature-creep	We began with an emergency motion capture session to get unique movements and poses for Hope that we never needed previously.	Feature Creep	Feature Creep	Harvey
Sunless Sea	2015	scope	This was a product of two things: our relative inexperience, and the way that scope gradually increased.	Feature Creep	Feature Creep	Harvey
The Adventures Of Shuggy	2011	scope	Like most projects, Shuggy started out fairly simple, and then more and more features kept getting added. As well as adding the various different game mechanics, I had the co-op, challenge, and head-to-head modes, as well as some grand plans to have various minigames themed around some of the mechanics. The minigames actually got implemented, but never got polished enough to make it into the final product, after Sierra suggested that there might be a bit much going on. Since then, Ive released the mini-games as separate Indie titles. Theres A Bombs Way, based around the floating jump and rotating mechanics which is like a version of the old arcade hit Bomb Jack, the game the floating jump was based on.The Tower: A Bombs Climb is based around the zombie game mechanic where the player doesnt have direct control over the character, but can power up his jump to propel him up a never ending tower. Im not a big fan of the head-to-head mode; I dont think its that interesting, and while I quite like the challenge mode, I think it would have been best if Id just implemented the single player and co-op modes from the beginning... and added support for playing co-op online. Its too easy to get carried away when you come up with an idea for something, but when youre working with such a small team, Ive learned that you really need to keep things simple and focus on the best aspects of your game.	Feature Creep	Feature Creep	Harvey
Trine	2010	planning	The projects budget and resources were in constant motion. Instead of cutting down design and scope in the early stages, we pumped up production resources with a "yes we can" attitude and gradually added more people to the project. Luckily, our empty bank account kept us from going overboard, otherwise we probably would have made the fatal mistake of adding too many people to a delayed project. Programmers had too many items on their to-do lists, and instead of rebelling and throwing scissors (like the artists might have), the programmers cut corners in their code and crammed in as much as they could in as little time as possible. This was known by the management -- and was essentially a continuation of practices from the early days of the cash-stripped company -- but the problems started to become evident with Trine, especially during the testing phase where weird and "unfixable" bugs occurred. We neglected proper design documentation, production plans, programming plans and sometimes even art supervision. Everything happened at the last minute. In hindsight its great to reminiscence how the team pulled together, but it certainly did not feel like the right way to do things at the time. Because of indecisiveness and procrastination, the final story -- not just a revision of it, but the whole thing -- was written two days before recording was scheduled to begin in March 2009, a few months before the scheduled gold master date. The night before recording, a new, important revision was written. Another day would probably have helped and made the story more sensible -- we doubt most gamers understand the story about the three artifacts (and in fact, theres even a notable inconsistency in the narrators loading screens -- we lost the plot in the wee hours of the morning ourselves).	Feature Creep	Feature Creep	Harvey
Tycoon 2: Marine Mania	2007	team	We introduced a concept that we called “Feature Groups” in Marine, and really the idea was to simply formalize the way people tended to work anyway… that is, by forming small groups of people from art, engineering and design who worked closely together to implement features. The idea was that feature design, task analysis, implementation quality review, etc. would all be performed by this group. But the groups ending up including anyone who might ever work on that feature, so they ended up being quite large. These large meetings often felt inefficient and poorly focused. Instead of zeroing in on the tasks at hand, they’d often turn into brainstorming sessions, and one thing we didn’t have at that point was a lack of ideas! We did end up reining them in, and it took everyone’s effort to keep them on an agenda and stop them from going down the inevitable tangents that would come up. In the end, we fell back onto the way we always tended to work and the groups went back to being smaller groups comprised of the key people working on the feature. In a way though it wasn’t all bad because we did draw some good ideas from the unexpected brainstorming, and the team members who participated ultimately had a much clearer idea of the product we were building.	Feature Creep	Feature Creep	Harvey
Whacked	2002	feature-creep	The first pitch of Whacked to Microsoft included a Winsock networking system that I wrote in about two weeks. It was a basic LAN implementation that showed networked Whacked could be done by Presto. Microsoft decided that they did not want it included in the final product. I was disappointed but they were the publisher and it was their choice. However, they returned in November 2001 to ask for not just LAN but full online support. This was about six months before our original ship date in the spring of 2002. Max and I saw this as not just an opportunity for Presto to ship a launch Live title but also a personal test of ourselves. We snapped up the chance despite the difficulty the extension would cause. Our launch date would shift to October 31 and we would be held to that like no other launch date we had ever experienced. As our product manager Thomas Zucotti put it, We broke ourselves into jail.	Feature Creep	Feature Creep	Harvey
Drakan: Order of the Flame	1999	planning	Drakan was originally slated for release in February 1999, but ended up being released six months later. Even with careful scheduling and task planning, we failed to meet the final deadlines. Part of the problem was that we didn’t account for the time the team would spend creating versions of the game for E3 and for magazine and Internet demos. Each demo pulled nearly two weeks of time away from our normally scheduled tasks. The majority of the scheduling problems were due to feature creep and other improvements that were considered necessary during development. In March 1998, the design team was faced with a mountain of work ahead in order to complete the 14 original levels as designed. After careful consideration, the designers decided to spend their efforts on enlarging and improving upon the ten best level designs.	Feature Creep	Feature Creep	Harvey
Mini Metro	2016	feature-creep	We structured our work on a very casual basis. We’d have rough ideas about what we wanted to work on next but no formal plan of who was doing what and when. This led to feature creep “Oh, it’d be cool if we did this…” and to us having no realistic idea of the final scope or how long it would take us to get there.	Feature Creep	Feature Creep	Harvey
NyxQuest Kindred Spirits	2010	feature-creep	We all know about the problems that arise if there is no clear designer in a game. When we first started the development, my intention was to focus efforts on the design of the game and at the same time on gameplay programming. Because of the amount of work involved in programming a game of this kind, we had to keep going and going with the development of features. We reached a point where we had to keep getting things done, and stopping becomes risky. Five months into the development we noticed that we had a lot of gameplay mechanics, situations and that the game was going way over the top. We noticed this and focused on creating a list of the most important features and gameplay elements we wanted to include in the game. We agreed to follow that list and only design levels using those features and elements, and only add more if we all agreed. Obviously we added some more features later, but those were hand-picked and deeply evaluated before spending time on them. Lesson learned: No designer + Feature creep = chaos! Take your time to find the fun parts of the game and focus into polishing those. Once those features are complete, decide if there is time for more.	Feature Creep	Feature Creep	Harvey
Natural Selection 2	2013	scope	Natural Selection 2 was an ambitious follow-up to our free independent Half-Life mod, Natural Selection. Our original plan was to make a quick commercial sequel on the Source engine to start making money. Instead, we spent six tough years developing our own engine and almost going out of business multiple times. We also decided we wanted to make the most moddable game ever. We did this by implementing 100 percent of our game code in Lua. There wasnt a Lua IDE on the market that we thought was good enough, so of course we spent more time to write our own (called Decoda). The final product was more commercially successful than we had originally hoped, but that came at a big cost. The game was too large in scope, took too long, and because of that, ended up being very high-risk. If we could do this over, we would have reduced the scope of the game significantly, or made a smaller game, so we could get cash flow positive sooner.	Feature Creep	Feature Creep	Harvey
Ratchet & Clank	2016	feature-creep	We always forget to take ambition into account. We’re never satisfied with just the story cutscenes, just the basics. We want elegant transitions between every gameplay segment. We want NPCs to have more fluidity and expression than we initially planned.	Feature Creep	Feature Creep	Harvey
Ashes of the Singularity	2015	crunch-time	I was vocally against having any sort of campaign in Ashes of the Singularity. We didn’t have one in Sins of a Solar Empire and I saw no reason to have one in this game either. Despite being a Diamond StarCraft player and having worked on StarCraft: Retribution, I have never played a StarCraft campaign. My concept of the game’s Ascendancy Wars was essentially a large map of the galaxy with dozens of planets with the player and several AI factions trying to conquer it planet by planet. However, during development our friends at Uber had introduced a similar concept into their game, Planetary Annihilation. Combined with Oxide’s strong recommendation that we needed a story-driven campaign and the early access feedback, I reluctantly agreed to have a campaign in the game. Having a campaign was the right decision, but I wish we had planned on having one from the outset so that we would have had more time to flesh it out and polish it. You can see this in the reviews where some reviewers only played the campaign which was designed only as an introduction to the heart of the game: the infinitely replayable sandbox part. On a given project like this, you make thousands of decisions. Not recognizing that PC gamers have come to expect highly polished, story driven campaigns was a mistake. Fortunately, we are in a position to not just update the campaign with voice-overs and more content, we can ensure that future campaigns we add to the game are given the kind of depth that players seem to enjoy.	Feature Creep: the team was indecisive about including a singleplayer campaign, they decided to include it halfway through the development and could not polish it properly	Feature Creep	Harvey
Cel Damage	2002	planning	Essentially, our strategic preplanning was stillborn. Every week, we had to revise our perceptions of what the game would really be, which frustrated our attempts to describe the game to prospective publishers at the beginning of 2001. Different staff members had different ideas of what our game would finally end up looking and playing like. Fortunately, once publishers and press played the game for themselves, the core of Cel Damages identity as a cartoon-based vehicular combat game became self-evident. (...) Our inexperience in console game development caught up with us about three months away from the end of the project. For the better part of two years, we had spent all of our efforts on developing in-game assets and gameplay. As our delivery date to EA came into focus, we realized that we still needed to get a fair bit of content underway, including a solid front-end interface, music, cutscenes, voice acting, foley sound, and sound effects. Once we had our budget in place, we scrambled to pull together a stack of contracted, out-of-house assets.	Fire Drill	Fire Drill	W. H. Brown et al.
Heavy Gear 2	1999	crunch-time	After experiencing the high quality of our second prototype, people at Activision began to get very excited about the future of Heavy Gear II. We were given a highly favorable reception at E3 in 1998, where we finally revealed the game. We subsequently released a playable demo that met with similar acceptance. Our marketing staff, which had been pushing this title from the start, finally had the leverage it needed to differentiate Heavy Gear II from its competitors. Magazine articles began to run, OEM deals were made, and shelf displays were created as everyone anticipated the forthcoming release. Only the development team knew how alarmingly behind schedule the game actually was, however. This was due in part because of some unfortunate turnover in our staff, but the main factor was the amount of time and effort we had allocated to creating the demo. We had hit roadblocks in the past and always rebounded in sterling fashion, so nobody on our team allowed themselves to believe that the demo would cause us to miss our target ship date.	Fire Drill	Fire Drill	W. H. Brown et al.
Star Wars DroidWorks	1998	crunch-time	DroidWorks also had its share of timing problems. We originally planned a fairly luxurious development cycle that had us landing on shelves in time for Christmas 1998. About half way through production, after looking at the numbers, Marketing decided we should aim for Labor Day instead, the official kick-off of the back-to-school buying season. Everyone agreed, so we took a deep breath, re-worked major pieces of the design, and made some heavy cuts. The team rallied behind the new date, and we managed to hit our sign-off date	Fire Drill	Fire Drill	W. H. Brown et al.
System Shock 2	1999	team	In addition, psychological factors, such as lack of ownership and training issues (stemming from unfamiliarity with levels) speak very strongly against transferring people from one task or level to another. Nevertheless, there were several benefits of our procedure - mostly the ability to employ particularly talented individuals to pinch hit on particular levels, and the psychological benefits of completing architectural work early in the schedule.	Fungible Teams	Fungible Teams	Cunningham
A Reckless Disregard for Gravity	2010	planning	Stop us if youve heard this one: after the initial planning stages, we never substantially updated our design document. Towards the middle of development, the game looked significantly different from our original plans, so we threw the plans out and flew by the seat of our pants.	Glass Case Plan	Glass Case Plan	Silva et al.
A Boy and His Blob	2010	planning	Level design was also an issue. The huge number of levels (80 in total) required that everything be designed and iterated on numerous times to get our desired level of quality. Unfortunately, the Blobs transformations and enemy patterns were not always finished (in part due to the slow art pipeline), and the collision system was not done. Levels were being built around gameplay that was not finalized, and then the gameplay was tweaked further, leaving the elaboratelyconstructed puzzles in ruins. Programmers and level designers had to compromise on who was going to fix what. Overall, creating everything concurrently was painful, but the process provided us with a stable base for future projects. (...) The schedule for Blob, like many schedules in the game industry, was created without detailed knowledge of how long everything was going to take. The result: we had a bunch of dates to hit based on our best guesses, which ended up less-than-perfectly accurate. Still, we were committed to these dates, and there never seemed to be time to catch up for the next delivery. Focus sometimes shifted to "just get the content in!" in order to meet the milestones. Because we had to rush through the implementation to meet the milestones, we ended up with less-than-desirable foundations for some of our levels and transformations. New implementations and levels were designed to conform to the broken structures, and resulted in a cascade effect when we finally went in to fix some of the early problems. Some problems were simply too ingrained to fix. If we had allocated the time to do everything correctly in the first place, we would have probably ended up with a more solid game.	Glass Case Plan	Glass Case Plan	Silva et al.
Fireteam	1999	communication	As we were developing Fireteam, our attention was also focused on growing our new company. We found that it was easy to forget what the contractors were doing and how they fit into the project. We made the naïve assumption that they would be willing to work with an evolving specification. However, when a project is fix-bid, an external developer will only do so much tuning and reworking of code before he or she starts charging you for it. If you don’t manage this relationship closely, these costs add up very quickly. For example, the cost for developing the community web pages doubled from the original quote because the design evolved. The final version of the community web pages was great, but a more thoughtful initial design specification and better management of the process would have saved Multitude significant money and time.	Glass Case Plan	Glass Case Plan	Silva et al.
FishEd	2006	planning	Despite my industry experience working on hundreds of projects and meeting thousands of deadlines, I’d never been in the position where I’d had to program under pressure. All of my past programming experience had been within an extremely flexible freelance framework, and like many hobbyist programmers I was simply way too comfortable in old habits and working practices. Planning a schedule was one thing, keeping to it was entirely another, and at times I suffered severe whiplash watching the deadlines whooshing past. This lack of experience was particularly evident when bugs surfaced. The support of friends and forums can only extend so far, and the more complicated routines would be impossible to post online for evaluation. Coupled with the fact that there was simply no time scheduled in to fix bugs, addressing problems and making tweaks was left until the very last minute.	Glass Case Plan	Glass Case Plan	Silva et al.
Prune	2015	planning	I would waste hours of my time tweaking the look of a soon-to-be-cut mechanic, days of my time picking the exact right font, and weeks or months of my time deliberating over decisions such as how to represent the score in game. (...) The point is, our time as developers is incredibly precious, it’s limited. I should have asked myself more often than I did, what’s most important and what will nobody ever care about? (...) Here’s how it would generally go down. I would first make a crude schedule, not based on anything reasonable or sane but based on what I delusionally wanted to get done. I would give myself a fraction of the time actually needed to accomplish the remaining tasks. And then I would let this schedule sit in a dark corner of my hard drive for a while and get to working on stuff. Then one day I’d happen to unearth the schedule and look at the calendar and realize it was now 45 days later and I hadn’t even finished half the tasks on my list.	Glass Case Plan	Glass Case Plan	Silva et al.
Renegade Ops	2012	scope	Second, the next time we feel like a project is stuck playing catch-up with itself, without any signs of pit stops for reflections and perspective -- then its time to pull the emergency brake and take a look at whats really going on. Perhaps there is a problem with the processes, or maybe it is time to get the axe out for some serious re-scoping.	Glass Case Plan	Glass Case Plan	Silva et al.
Conduit 2	2011	planning	Members of any team thrive when they have clear goals to accomplish and the deadline in which to accomplish them -- especially when these are defined early and often. Unfortunately, the milestones were never defined with enough detail, nor given to the team early enough. Instead, many of the goals given to the team were based on meeting requirements for product demos given at various consumer, media, and developer shows and conventions. Often this resulted in the team diverting from meeting an actual milestone in favor of prepping the game for the next show. This approach resulted in awesome demos at the expense of the completed game. Had the goals been based more on the production timeline, been given better definition, and been revisited throughout development, the team would have been able to focus better and the end of project push would not have been as elongated.	Glass Case Plan	Glass Case Plan	Silva et al.
Goat Simulator	2015	planning	Yeah, there were definitely setbacks to having no planning or long-term thinking. One of them was that we had to refactor a lot of programming once we decided that the game was to be launched on Steam. Earlier on, we kind of implemented things in fast-but-bad ways, so now when we implement new things today, we still have to keep in mind all the ugly coding we did earlier in the first couple of weeks of development. When you’re making a joke prototype game where the main character is a goat, you don’t exactly focus on thinking proactively. In hindsight, it’s resulted in a lot of extra work. An example of this is the fact that we never planned on having multiple maps at the start of development, but when we chose to release the game on Steam and later, make a new map for our first 1.1 patch, we had to do a lot of copy-pasting of classes from one level to the other.	Net Negative Producing Programmer	Net Negative Producing Programmer	Cunningham
Dark Sun Online	1997	team	One of the scriptors left in the middle of the project and didnt do a great deal of the work that was necessary for the games underlying routines. We ended up having the two remaining scriptors doing the work of three, with one of them having to redo all of the key global routines	Net Negative Producing Programmer	Net Negative Producing Programmer	Cunningham
Resident Evil 2 (N64)	2000	team	Everyone has a certain set of things that they hold dear. For some of us our work integrity is very important to us, for others it is not. As Imentioned before (and will mention again), when you show that you understand the word milestone you set yourself apart in the game industry. This is truer in a game where your current progress can be held up against a completed yardstick. Not everyone, and certainly not everyone on your team, will necessarily share this understanding.In a perfect world, everyone works hard, everything works together, and no one needs supervision. However, it is the leads responsibility to identify those tasks and people that do and to get a commitment from them stipulating what they will do in writing. Remind them of these commitments as often as necessary. It is equally important that the individual and the team as a whole understands that done means complete, meets quality standards, requires no future adjustments or tuning, and is ready to ship. When you do this you set up both the team and that individual for success.	Net Negative Producing Programmer	Net Negative Producing Programmer	Cunningham
Amazia	2016	communication	If theres just one lesson to give from the development of Amazia, its that a shared and clear vision for a game must be established and held onto through the entire dev cycle. This is especially true of a small indie team like ourselves, and even more critical that its shared between the co-founders. The problem in the case of Amazia was that I had laid out a vision and a strategy to achieve it at the start of pre-production and the game was being developed with this vision in mind for some time until my partner and the lead programmer of the game decided that it would be a better idea to pivot to an easier and more manageable target of releasing for the local market. I was convinced because it was supposed to be a soft launch to gather feedback about the game. In an unclear vision though, targets shift and change and some months down the line we were not soft launching, we were in full production mode for the game. Its easy in theory to settle this problem with having a team member like the game designer or producer be the person making the final calls, but in reality team dynamics are more complicated than that. Game development is a team effort and theres no place for a dictator. At the same time, that shouldnt be an excuse for the team to lack vision and direction as well. Sometimes the lack of clear vision is not critical but for Amazia it was fatal.	Road to Nowhere	Road to Nowhere	Laplante and Neill
Gabriel Knight 3	2000	planning	Despite these initial advantages, the project faced problems almost from the start. The team had to build a new game engine and most of the related content development tools from scratch, but team members severely underestimated the time, cost, effort, and experience required to construct these tools and establish effective development processes around them. The initial development team was not up to this task. (...) Our engineers never had an accurate development schedule -- the schedules we had were so obviously wrong that everybody on the team knew there was no way to meet them. Our leads often lied to management about progress, tasks, and estimates, and I believe this was because they were in over their heads and werent responding well to the stress. Consequently, upper management thought the project was going to be stable and ready to ship long before it actually was, and we faced prolonged crunch times to deliver promised functionality. More frequent and honest communication within the team would have avoided a lot of this. GK3 had few real milestones, which undermined our ability to track progress. There were some milestones very early on in development, but the focus on shoveling visible features into the game turned them into worthless smoke-and-mirrors demos. The concept of milestones eventually was discarded and was replaced with two simple and unofficial goals -- beta and release to manufacturing. In the push to ship the game, we simply forgot about milestones (because "were almost there!"), put the blinders on, and worked like mad.	Road to Nowhere	Road to Nowhere	Laplante and Neill
Robothorium	2019	communication	The creative direction at the beginning was very weak. It created a lot of problem around writing and art direction. People weren’t too sure on where the project was going.	Road to Nowhere	Road to Nowhere	Laplante and Neill
Das Geisterschiff	2019	scope	The game used to shift a lot during the development due to various roadblocks along the way as it became apparent that some content and features required more time or resources than we could allocate.	Road to Nowhere	Road to Nowhere	Laplante and Neill
Garden Wars	2017	delays	Even though it was a "practice" project, it took waaaay longer than it should have. I was aiming for something more like 6-8 months but it took about 13 months to get it Steam-ready, then it was another 4 months until the mobile release (I probably could have released it simultaneously but it just felt a bit rushed, and I didnt want to release with the Christmas flood)	Road to Nowhere	Road to Nowhere	Laplante and Neill
RocketBowl	2004	planning	 We jumped into production on RocketBowl too quickly, without a pre-production and planning phase. Prior to this project, no one at Large Animal had developed a game of this scope using a 3D engine. There was a lot of learning to do. Rather than setting aside an explicit pre-production phase in which to explore the technology, identify areas of risk, and figure out solutions, we just forged ahead and started making the game, learning as we went. As a result, we didnt always know the toolset as intimately as one would like. While working on the recently released expansion pack for RocketBowl, we uncovered a useful feature of the Torque level editor that wed never found before. And we realized late in the schedule that we should have centralized all of the editable data in the game so that the designers could make changes without consulting the programming lead. If wed had a dedicated exploration phase, we would have saved ourselves time in the long run.	Road to Nowhere	Road to Nowhere	Laplante and Neill
Star Trek: Hidden Evil	1999	multiple-projects	Poor design is not just a problem for artists. Programmers need to design systems before incorporating them into a project especially when there are other programmers. We suffered from the no-design mentality quite a bit on the Star Trek project. Since we were essentially building the game and the engine at the same time, we were constantly running into time conflicts where we needed a new feature right now in order to meet a deadline next week. This resulted in what is often the standard in game programming: design as you go	Road to Nowhere	Road to Nowhere	Laplante and Neill
Natural Selection 2	2013	team	We have a completely unstructured environment, without task lists, priorities, managers, producers, or even job descriptions. We rely on people to figure out the best thing for them to work on, and how to do it efficiently. Early on, we hired some talented folks that didnt fit in. They had the skills and we liked them as people, but we now realize that they were demoralized without structure. We were so consumed with making the game that we didnt notice these team problems -- only that morale was low. We wouldve been better off had we realized that personality fit and talent arent enough: people need to mesh with your working style. When people are unhappy, it spreads through the whole team.	Road to Nowhere	Road to Nowhere	Laplante and Neill
The X-Files	1999	planning	The Playstation port of the game was mired in huge problems for a great deal of its duration. Many of these problems stemmed from one initial difficulty: an outside developer made a low-bid to develop the port before the game design was even complete, and they were hired on the basis of that bid. This team came on approximately a year and a half before the PC/Mac version shipped, and from the outset they were underfunded and in trouble. Many of their developers wanted to be on other projects, and HyperBole was focusing almost exclusively on the PC/Mac version in order to get it shipped. 	Specify Nothing	Specify Nothing	Cunningham
Star Trek: Hidden Evil	1999	communication	To make the situation worse for the production team, the interface was designed by the programmer as he went. Once again, incremental design reared its ugly head and bit off a large chunk of our productivity. And the fact that a left brained programmer was creating a graphic interface for right brained artists is a mistake that Im sure most game makers have seen at one time or another.	Specify Nothing	Specify Nothing	Cunningham
Star Wars DroidWorks	1998	planning	Although we had several aces in our hands, including guaranteed private funding and one of the most popular film licenses in the world, Lucas Learning was still a startup. We had to hire staff, find space, clarify our vision, define our culture, and adopt processes for doing everything. On DroidWorks, almost everything we did we did for the first time, and even though we had a lot of industry veterans on board, we often ran on hunches, not having time to pause the project to figure out the right way to do something.	Specify Nothing	Specify Nothing	Cunningham
Thief: The Dark Project	1999	planning	Although it is a cliché in the software industry to say our scheduling and budget planning were woefully inadequate, the Thief project suffered greatly from this malady. There were several elements to our deficient planning. During Dark Camelot, and continuing through the first half of Thief, we staffed the team before the design and technology was sufficiently mature. In Thief, this led us to rush towards finishing the design, when we didnt necessarily understand the design and technology. With insufficient specifications of both the code systems and mission designs, we ended up doing lots of content that was essentially wrong for the game we were making. Code was written and spaces were built that werent well directed towards the goals of the project.	Specify Nothing	Specify Nothing	Cunningham
Draconus	2000	communication	Once youre under funded, everything else goes to hell. Our planning probably would have been better if we had more time. We had a fairly nice design document for Die By the Sword 2, but that was thrown out when we went to Draconus. Mark had a vision for Draconus, it was going to be something like what Gauntlet Legends turned out to be: a real bad-ass hero beset by dozens of foes. This vision was promptly ignored by an overly optimistic programmer (myself) who told the artists to go nuts and pump so many polys into the foes that we ended up being able only to have three of them on the screen at any one time.	Specify Nothing	Specify Nothing	Cunningham
Garden Wars	2017	planning	Despite writing a concise postmortem for Swing Racers and having the best intentions, I basically ignored most of my own advice and developed with very little planning or discipline. I didnt have tasks lined up and ready to go each day (nowhere near as well as I had on the previous project). This resulted in a lot of wasted mornings, only getting productive toward the afternoon because Id spent the first half remembering what my priorities were, or working on things that didnt really need to be done. Its amazing how quickly time disappears in thinking.	Specify Nothing	Specify Nothing	Cunningham
Kingdoms of Amalur: Reckoning	2013	planning	What we should have done was make sure we had defined everything that needed defining. We had a basic scope of content, but we hadnt done much to understand the feature set or the games major hook. We decided to go all-in on combat fairly soon afterward, but the development budget and schedule had already been set, and so we werent able to anticipate how many additional animators and designers we would need to bring the combat system to life.	Specify Nothing	Specify Nothing	Cunningham
Galactic Civilizations	2003	team	As a project manager, I tend to be hands-off. But early on in the development of the game, that approach nearly proved disastrous. Games need a single vision that is precisely executed. On our non-game projects like Object Desktop, I tend to just guide the development teams towards a general goal and let them go and add things they think are necessary. But in a game, that can be a real detriment.	Specify Nothing	Specify Nothing	Cunningham
The X-Files	1999	scope	Designers not tackling the details of the game design up front exacerbated this problem. Difficult questions like how we were to implement a design concept were not present in the design document. When the developers got to the point of actually implementing a hastily sketched concept, it generally turned out to take much longer than was anticipated. This affected every department; video, graphics, and programming all found that they had much more to do than the design implied when they sat down to work it out.	Thrown Over the Wall	Specify Nothing	Cunningham
Crackdown	2009	team	Initially, Xbox Crackdown was slated for spring 2005, and this always looked tight. In early 2004, when it was first proposed that we aim to get the game on the next Xbox, we reasoned that our team size would be about 15 to 20 people short. (...) Under the circumstances, new recruits came on board pretty quickly, but it still takes time to find quality employees (and we refused to lower our standards to fill vacancies faster). As the hiring wore on, we compensated for the shortfall by attempting to find more people and ultimately suffered from having too many cooks in the kitchen and saw diminishing returns.	Warm Bodies	Warm Bodies	Cunningham
Scooby-Doo! First Frights	2010	team	When theres so much work to do, one of the first reactions is to throw more hands into the mix thinking that this will lighten the load. Not so for Scooby-Doo! First Frights First Frights. Rather, we found that increasing the number of people on the team to aid the workload inhibited the project, and placed great strain on the lines of communication. And it wasnt the larger, more obvious issues that placed pressure on the development schedule, but rather the culmination of micro issues. Introducing additional programmers into the fold to assist the team led to too many people working on one portion of the code, and with the restrictions of time, they had no opportunity to understand the "big picture" before making changes; their micro changes would inherently break another part of code. (...) The ever-increasing code team also led to a breakdown in the structure of the team. The answer, in reflection, would have been to appoint sub-leads to manage specific areas of the game (e.g. A.I. puzzles etc.) to improve communication and understanding of each system and to promote ownership of the system.	Warm Bodies	Warm Bodies	Cunningham
Renowned Explorers	2016	budget	On top of that, we went on to hire people to make a game and form a company culture. Not because we needed them directly, but because we thought it would help to promote ownership if everyone was a full member of the team from the beginning. For most of them, we didnt have any specific task to do right from the bat. This is quite obviously a financial mistake, since those people are being paid for doing nothing or for trying to find work.	Warm Bodies	Warm Bodies	Cunningham